game_pk,home_team,away_team,home_prob,away_prob,predicted_edge,predicted_home_runs,predicted_away_runs,timestamp
822686,Washington Nationals,Atlanta Braves,0.5439795046968403,0.4560204953031597,0.08795900939368062,8.873998588441962,3.7539104314024567,BACKTEST_INIT
822687,Washington Nationals,Atlanta Braves,0.544750430292599,0.45524956970740105,0.0895008605851979,4.7681104920721005,2.4338648538361336,BACKTEST_INIT
822688,Washington Nationals,Miami Marlins,0.5440278988666086,0.45597210113339137,0.08805579773321726,5.274420450094587,2.801723114299865,BACKTEST_INIT
822689,Washington Nationals,Miami Marlins,0.5046082949308756,0.49539170506912444,0.009216589861751112,3.0404064920579774,4.956667318567389,BACKTEST_INIT
822690,Washington Nationals,Miami Marlins,0.6666666666666666,0.33333333333333337,0.33333333333333326,8.728900811683914,1.8820809600513178,BACKTEST_INIT
822691,Washington Nationals,Miami Marlins,0.5421472937000887,0.45785270629991126,0.08429458740017748,2.780215783238286,1.8545661432629692,BACKTEST_INIT
822692,Washington Nationals,Colorado Rockies,0.5079559363525091,0.49204406364749087,0.01591187270501826,1.488515114328321,3.5817453596353808,BACKTEST_INIT
822693,Washington Nationals,Colorado Rockies,0.6666666666666666,0.33333333333333337,0.33333333333333326,11.288258302768606,3.8131004711506566,BACKTEST_INIT
822694,Washington Nationals,Colorado Rockies,0.25,0.75,0.5,1.5158084711170694,10.282877243830955,BACKTEST_INIT
822695,Washington Nationals,Colorado Rockies,0.5059880239520957,0.49401197604790426,0.011976047904191489,3.2207901824256027,4.505807478238799,BACKTEST_INIT
822696,Washington Nationals,Chicago Cubs,0.5064782096584216,0.4935217903415784,0.012956419316843215,5.542825614560027,10.88941041221963,BACKTEST_INIT
822697,Washington Nationals,Chicago Cubs,0.5053763440860215,0.4946236559139785,0.010752688172043001,4.817219291147607,6.191148614006265,BACKTEST_INIT
822698,Washington Nationals,Chicago Cubs,0.5065243179122183,0.4934756820877817,0.013048635824436605,5.369020316305929,6.978948071258877,BACKTEST_INIT
822699,Washington Nationals,Cincinnati Reds,0.5049382716049383,0.4950617283950617,0.009876543209876631,3.595340121861642,5.436167405051662,BACKTEST_INIT
822700,Washington Nationals,Cincinnati Reds,0.5441176470588235,0.4558823529411765,0.08823529411764697,7.2158249263573815,3.103014323091992,BACKTEST_INIT
822701,Washington Nationals,Cincinnati Reds,0.5349794238683128,0.46502057613168724,0.06995884773662553,4.454537183181996,4.174253181257355,BACKTEST_INIT
822702,Washington Nationals,Toronto Blue Jays,0.5454545454545454,0.4545454545454546,0.09090909090909083,7.870938104529548,4.892975444578101,BACKTEST_INIT
822703,Washington Nationals,Toronto Blue Jays,0.5054347826086957,0.4945652173913043,0.010869565217391353,2.6787601391122653,2.5255023333537094,BACKTEST_INIT
822704,Washington Nationals,Arizona Diamondbacks,0.5020920502092049,0.4979079497907951,0.004184100418409775,2.8419167161243073,3.2850786924102278,BACKTEST_INIT
822705,Washington Nationals,Toronto Blue Jays,0.5458015267175572,0.4541984732824428,0.09160305343511443,5.860092120539448,2.502268631664568,BACKTEST_INIT
822706,Washington Nationals,Arizona Diamondbacks,0.5478927203065134,0.45210727969348663,0.09578544061302674,4.096125086006146,3.381987176527992,BACKTEST_INIT
822707,Washington Nationals,Arizona Diamondbacks,0.5461538461538461,0.4538461538461539,0.0923076923076922,5.485348680460362,3.3633315123076013,BACKTEST_INIT
822708,Washington Nationals,New York Yankees,0.4945226917057903,0.5054773082942097,0.010954616588419397,2.592826105377119,4.718378202525732,BACKTEST_INIT
822709,Washington Nationals,New York Yankees,0.556910569105691,0.44308943089430897,0.11382113821138207,8.209710504611513,5.45690706502707,BACKTEST_INIT
822710,Washington Nationals,Houston Astros,0.25,0.75,0.5,1.3569788579032114,5.62040111278235,BACKTEST_INIT
822711,Washington Nationals,New York Yankees,0.495253164556962,0.504746835443038,0.009493670886076,2.6864161198661556,4.977986333211681,BACKTEST_INIT
822712,Washington Nationals,Houston Astros,0.48929159802306427,0.5107084019769357,0.02141680395387141,2.178077735540019,3.7541123282311113,BACKTEST_INIT
822713,Washington Nationals,Houston Astros,0.5344129554655871,0.4655870445344129,0.06882591093117418,10.557215932071294,10.018166463554062,BACKTEST_INIT
822714,Washington Nationals,Pittsburgh Pirates,0.4914383561643836,0.5085616438356164,0.017123287671232834,3.731215025662591,3.8414650396981074,BACKTEST_INIT
822715,Washington Nationals,Pittsburgh Pirates,0.25,0.75,0.5,1.3584618206270682,6.097846274728612,BACKTEST_INIT
822716,Washington Nationals,Pittsburgh Pirates,0.5648535564853556,0.4351464435146444,0.12970711297071125,8.077020010028367,4.375635460347411,BACKTEST_INIT
822717,Washington Nationals,Philadelphia Phillies,0.5018450184501847,0.4981549815498153,0.003690036900369398,3.4597205429756412,4.882260512082032,BACKTEST_INIT
822718,Washington Nationals,Philadelphia Phillies,0.5622317596566524,0.4377682403433476,0.1244635193133048,4.031538783345096,1.9146189592310205,BACKTEST_INIT
822719,Washington Nationals,Philadelphia Phillies,0.5051334702258727,0.49486652977412726,0.010266940451745477,9.143643876647747,9.285806338792167,BACKTEST_INIT
822720,Washington Nationals,Philadelphia Phillies,0.5041152263374485,0.49588477366255146,0.008230452674897082,4.404797260846342,5.379973616778793,BACKTEST_INIT
822721,Washington Nationals,Kansas City Royals,0.5707964601769913,0.42920353982300874,0.14159292035398252,5.8174526303944925,3.6247523898095793,BACKTEST_INIT
822722,Washington Nationals,Seattle Mariners,0.6666666666666666,0.33333333333333337,0.33333333333333326,8.412645172405565,2.4114945759545288,BACKTEST_INIT
822723,Washington Nationals,Kansas City Royals,0.5695067264573991,0.4304932735426009,0.13901345291479816,5.387898622791962,3.2023706141346375,BACKTEST_INIT
822724,Washington Nationals,Kansas City Royals,0.5238095238095238,0.47619047619047616,0.04761904761904767,3.8496084534480426,3.48231229114559,BACKTEST_INIT
822725,Washington Nationals,Seattle Mariners,0.25,0.75,0.5,1.9864604772693397,8.678440303667024,BACKTEST_INIT
822726,Washington Nationals,Seattle Mariners,0.5707762557077626,0.4292237442922374,0.14155251141552516,7.878307433639052,6.482420919933657,BACKTEST_INIT
822727,Washington Nationals,Miami Marlins,0.49156626506024087,0.5084337349397592,0.016867469879518315,3.468921718807454,6.6948236703254445,BACKTEST_INIT
822728,Washington Nationals,Miami Marlins,0.4950980392156863,0.5049019607843137,0.009803921568627416,3.6063734726271894,6.236534749073822,BACKTEST_INIT
822729,Washington Nationals,San Diego Padres,0.5828877005347592,0.41711229946524075,0.1657754010695185,9.098594718759445,4.817250611262779,BACKTEST_INIT
822730,Washington Nationals,Miami Marlins,0.582010582010582,0.417989417989418,0.16402116402116396,6.0061343214452645,2.2819346950270645,BACKTEST_INIT
822731,Washington Nationals,San Diego Padres,0.48223350253807107,0.5177664974619289,0.035532994923857864,4.103249206366389,6.217499152167477,BACKTEST_INIT
822732,Washington Nationals,San Diego Padres,0.5806451612903226,0.4193548387096774,0.16129032258064524,3.396301505953277,1.5463628433910679,BACKTEST_INIT
822733,Washington Nationals,New York Mets,0.5765306122448979,0.4234693877551021,0.15306122448979576,7.552089951258823,4.506411133361425,BACKTEST_INIT
822734,Washington Nationals,New York Mets,0.25,0.75,0.5,2.7923298802894227,7.691602723928682,BACKTEST_INIT
822735,Washington Nationals,New York Mets,0.5765306122448979,0.4234693877551021,0.15306122448979576,7.985026258807247,6.8122932228548105,BACKTEST_INIT
822736,Washington Nationals,New York Mets,0.5080906148867314,0.49190938511326865,0.016181229773462702,6.2115133465013574,9.028816210314215,BACKTEST_INIT
822737,Washington Nationals,Baltimore Orioles,0.5083056478405316,0.49169435215946844,0.01661129568106312,1.777489601069901,2.133611280052197,BACKTEST_INIT
822738,Washington Nationals,Baltimore Orioles,0.6666666666666666,0.33333333333333337,0.33333333333333326,9.944249108748872,2.4081048168367216,BACKTEST_INIT
822739,Washington Nationals,Baltimore Orioles,0.25,0.75,0.5,1.269018214832481,7.483741379346958,BACKTEST_INIT
822740,Washington Nationals,Minnesota Twins,0.25,0.75,0.5,3.180845085750964,9.927753163369713,BACKTEST_INIT
822741,Washington Nationals,Minnesota Twins,0.6666666666666666,0.33333333333333337,0.33333333333333326,10.234851623409083,1.2392069033104096,BACKTEST_INIT
822742,Washington Nationals,Milwaukee Brewers,0.48,0.52,0.040000000000000036,1.9187036377876692,4.684462254041116,BACKTEST_INIT
822743,Washington Nationals,Minnesota Twins,0.5842293906810035,0.41577060931899645,0.1684587813620071,3.196266509681549,2.8601792179946104,BACKTEST_INIT
822744,Washington Nationals,Milwaukee Brewers,0.49047619047619045,0.5095238095238095,0.019047619047619035,2.310397818502486,5.963858000676838,BACKTEST_INIT
822745,Washington Nationals,Atlanta Braves,0.4873417721518987,0.5126582278481013,0.02531645569620261,6.790547684354609,7.693157360604985,BACKTEST_INIT
822746,Washington Nationals,Milwaukee Brewers,0.25,0.75,0.5,2.0707639585701276,6.039586973746465,BACKTEST_INIT
822747,Washington Nationals,Atlanta Braves,0.25,0.75,0.5,3.746618731241205,8.49068708467373,BACKTEST_INIT
822748,Washington Nationals,Atlanta Braves,0.597989949748744,0.402010050251256,0.19597989949748795,8.887875271816638,4.575603044737506,BACKTEST_INIT
822749,Washington Nationals,Atlanta Braves,0.6132596685082873,0.3867403314917127,0.22651933701657456,3.925846529105078,1.8360824069666521,BACKTEST_INIT
822750,Washington Nationals,San Francisco Giants,0.475,0.525,0.050000000000000044,4.767705453002852,7.2627688896698475,BACKTEST_INIT
822751,Washington Nationals,San Francisco Giants,0.25,0.75,0.5,4.194821758573681,9.479848471883592,BACKTEST_INIT
822752,Washington Nationals,San Francisco Giants,0.6121212121212122,0.3878787878787878,0.22424242424242435,3.356925776256002,2.9210901169326497,BACKTEST_INIT
822753,Washington Nationals,St. Louis Cardinals,0.46511627906976744,0.5348837209302326,0.06976744186046518,6.11093829601155,6.065860083039557,BACKTEST_INIT
822754,Washington Nationals,St. Louis Cardinals,0.5963302752293578,0.4036697247706422,0.19266055045871555,8.45997923818632,6.202466168613075,BACKTEST_INIT
822755,Washington Nationals,St. Louis Cardinals,0.43333333333333335,0.5666666666666667,0.1333333333333333,3.9899499369096882,7.40767170643812,BACKTEST_INIT
822756,Washington Nationals,Los Angeles Dodgers,0.5,0.5,0.0,5.172961977911164,10.266064375878178,BACKTEST_INIT
822757,Washington Nationals,Los Angeles Dodgers,0.5217391304347826,0.4782608695652174,0.04347826086956519,5.12402382309947,10.173792476657518,BACKTEST_INIT
822758,Washington Nationals,Los Angeles Dodgers,0.6363636363636364,0.36363636363636365,0.2727272727272727,3.293423781728866,2.0174216418036077,BACKTEST_INIT
822766,Toronto Blue Jays,Seattle Mariners,0.5440278988666086,0.45597210113339137,0.08805579773321726,4.854475904100616,2.6649561546233818,BACKTEST_INIT
822769,Toronto Blue Jays,Seattle Mariners,0.5421472937000887,0.45785270629991126,0.08429458740017748,3.7532816640855753,3.6354280348592014,BACKTEST_INIT
822770,Toronto Blue Jays,Seattle Mariners,0.5425812115891133,0.4574187884108867,0.08516242317822664,6.886053207964462,2.548379859754041,BACKTEST_INIT
822771,Toronto Blue Jays,Kansas City Royals,0.5418894830659536,0.45811051693404636,0.08377896613190727,3.636162043177083,1.3914810985006683,BACKTEST_INIT
822772,Toronto Blue Jays,Kansas City Royals,0.5079559363525091,0.49204406364749087,0.01591187270501826,3.787431819599922,5.625861133676045,BACKTEST_INIT
822773,Toronto Blue Jays,Kansas City Royals,0.5067264573991032,0.49327354260089684,0.013452914798206317,6.646255976607018,7.922679098049179,BACKTEST_INIT
822774,Toronto Blue Jays,New York Yankees,0.5074441687344913,0.4925558312655087,0.014888337468982549,2.5435621694659454,2.5813052818718747,BACKTEST_INIT
822775,Toronto Blue Jays,New York Yankees,0.5080745341614907,0.49192546583850927,0.016149068322981464,1.8933384236427324,2.9372333848183247,BACKTEST_INIT
822776,Toronto Blue Jays,Boston Red Sox,0.5424430641821946,0.45755693581780543,0.08488612836438914,4.925181222379628,3.0329498388933285,BACKTEST_INIT
822777,Toronto Blue Jays,New York Yankees,0.5064629847238542,0.4935370152761458,0.012925969447708408,1.414574275207141,3.1086555641047626,BACKTEST_INIT
822778,Toronto Blue Jays,Boston Red Sox,0.5394446264110265,0.46055537358897347,0.07888925282205306,2.888299734813695,2.2551184114203187,BACKTEST_INIT
822779,Toronto Blue Jays,Boston Red Sox,0.5402298850574713,0.45977011494252873,0.08045977011494254,3.835421075929271,2.464300774525836,BACKTEST_INIT
822780,Toronto Blue Jays,Boston Red Sox,0.5421245421245421,0.4578754578754579,0.08424908424908417,6.829260583832832,2.788561831355537,BACKTEST_INIT
822781,Toronto Blue Jays,St. Louis Cardinals,0.5433962264150943,0.45660377358490567,0.08679245283018866,3.0731943607415415,1.3243838550615548,BACKTEST_INIT
822782,Toronto Blue Jays,St. Louis Cardinals,0.5433962264150943,0.45660377358490567,0.08679245283018866,2.8349887681022943,1.2555658816056736,BACKTEST_INIT
822783,Toronto Blue Jays,St. Louis Cardinals,0.5451127819548872,0.4548872180451128,0.09022556390977443,3.700617747109689,1.213894263822522,BACKTEST_INIT
822784,Toronto Blue Jays,Tampa Bay Rays,0.25,0.75,0.5,2.122739728079184,9.460105234002205,BACKTEST_INIT
822785,Toronto Blue Jays,Tampa Bay Rays,0.5028328611898017,0.49716713881019825,0.0056657223796034994,2.0485012941071874,3.1511266125617308,BACKTEST_INIT
822786,Toronto Blue Jays,Chicago White Sox,0.5573122529644269,0.4426877470355731,0.11462450592885376,2.7981987206045744,1.2041193476599674,BACKTEST_INIT
822787,Toronto Blue Jays,Tampa Bay Rays,0.25,0.75,0.5,2.290560242236275,6.649864792038041,BACKTEST_INIT
822788,Toronto Blue Jays,Tampa Bay Rays,0.55078125,0.44921875,0.1015625,5.500480574866452,2.0851300793839913,BACKTEST_INIT
822789,Toronto Blue Jays,Chicago White Sox,0.25,0.75,0.5,3.0526023234279993,7.759624556192747,BACKTEST_INIT
822790,Toronto Blue Jays,Chicago White Sox,0.25,0.75,0.5,3.2641174714966814,8.998462290739905,BACKTEST_INIT
822791,Toronto Blue Jays,New York Mets,0.48776223776223765,0.5122377622377623,0.024475524475524646,1.478304221720021,2.7934299835411163,BACKTEST_INIT
822792,Toronto Blue Jays,New York Mets,0.49547920433996384,0.5045207956600362,0.009041591320072317,1.9066083871145165,4.011083901215144,BACKTEST_INIT
822793,Toronto Blue Jays,New York Mets,0.4928825622775801,0.5071174377224199,0.014234875444839812,1.9226663294509874,2.411222823723345,BACKTEST_INIT
822794,Toronto Blue Jays,Texas Rangers,0.4972170686456401,0.5027829313543599,0.005565862708719838,3.8621545180675367,4.841516551540685,BACKTEST_INIT
822795,Toronto Blue Jays,Texas Rangers,0.4972477064220184,0.5027522935779816,0.005504587155963192,3.938268839630906,6.198752744698748,BACKTEST_INIT
822796,Toronto Blue Jays,Texas Rangers,0.49906542056074765,0.5009345794392523,0.0018691588785046953,3.740445483403514,4.67500371405582,BACKTEST_INIT
822797,Toronto Blue Jays,Texas Rangers,0.5362997658079626,0.46370023419203743,0.07259953161592514,2.6205160095291222,2.335322056491104,BACKTEST_INIT
822798,Toronto Blue Jays,Houston Astros,0.5051334702258727,0.49486652977412726,0.010266940451745477,6.17345521727653,9.198332218316015,BACKTEST_INIT
822799,Toronto Blue Jays,Houston Astros,0.5622317596566524,0.4377682403433476,0.1244635193133048,2.228230566452329,1.4006967900863663,BACKTEST_INIT
822800,Toronto Blue Jays,Houston Astros,0.5041152263374485,0.49588477366255146,0.008230452674897082,1.1554479566714013,1.2586955757699692,BACKTEST_INIT
822801,Toronto Blue Jays,New York Yankees,0.5040650406504066,0.4959349593495934,0.008130081300813163,1.4196292379942748,3.6903893656245605,BACKTEST_INIT
822802,Toronto Blue Jays,New York Yankees,0.5707762557077626,0.4292237442922374,0.14155251141552516,7.132998329365979,4.726599407575227,BACKTEST_INIT
822803,Toronto Blue Jays,New York Yankees,0.4999999999999999,0.5000000000000001,2.220446049250313e-16,3.7879832905910087,4.85402360281816,BACKTEST_INIT
822804,Toronto Blue Jays,Philadelphia Phillies,0.49999999999999994,0.5,5.551115123125783e-17,2.5129093563049825,3.0908844326559333,BACKTEST_INIT
822805,Toronto Blue Jays,Philadelphia Phillies,0.49671772428884037,0.5032822757111597,0.00656455142231932,2.3557271993488484,5.318731186094537,BACKTEST_INIT
822806,Toronto Blue Jays,Philadelphia Phillies,0.5694444444444445,0.43055555555555547,0.13888888888888906,7.342218036654086,5.63334476680563,BACKTEST_INIT
822807,Toronto Blue Jays,Baltimore Orioles,0.574766355140187,0.42523364485981296,0.14953271028037407,4.701425955475294,3.5442130276724555,BACKTEST_INIT
822808,Toronto Blue Jays,Baltimore Orioles,0.25,0.75,0.5,2.931174938306934,9.104673832771566,BACKTEST_INIT
822809,Toronto Blue Jays,Miami Marlins,0.6666666666666666,0.33333333333333337,0.33333333333333326,7.7476102112703416,1.238198329887317,BACKTEST_INIT
822810,Toronto Blue Jays,Baltimore Orioles,0.4930232558139534,0.5069767441860467,0.013953488372093259,2.8874732928596827,4.999705020653938,BACKTEST_INIT
822811,Toronto Blue Jays,Miami Marlins,0.25,0.75,0.5,2.6260811719608133,7.842547573282507,BACKTEST_INIT
822812,Toronto Blue Jays,Miami Marlins,0.5490196078431372,0.4509803921568628,0.09803921568627438,2.77984122031079,2.4279019103046093,BACKTEST_INIT
822813,Toronto Blue Jays,Pittsburgh Pirates,0.5765306122448979,0.4234693877551021,0.15306122448979576,4.549765900628927,2.3073573736420627,BACKTEST_INIT
822814,Toronto Blue Jays,Pittsburgh Pirates,0.5765306122448979,0.4234693877551021,0.15306122448979576,4.351156018607319,2.340558287869518,BACKTEST_INIT
822815,Toronto Blue Jays,Tampa Bay Rays,0.49310344827586217,0.5068965517241378,0.013793103448275668,4.949337577226026,7.889303986335543,BACKTEST_INIT
822816,Toronto Blue Jays,Pittsburgh Pirates,0.4894894894894894,0.5105105105105106,0.021021021021021158,1.4901310448062925,2.3542594584538423,BACKTEST_INIT
822817,Toronto Blue Jays,Tampa Bay Rays,0.25,0.75,0.5,2.8199221179055343,7.592314567133501,BACKTEST_INIT
822818,Toronto Blue Jays,Tampa Bay Rays,0.49642857142857144,0.5035714285714286,0.0071428571428571175,1.0053239372020024,2.8376445854806938,BACKTEST_INIT
822819,Toronto Blue Jays,Los Angeles Angels,0.6666666666666666,0.33333333333333337,0.33333333333333326,8.13942144101802,1.5622059358387879,BACKTEST_INIT
822820,Toronto Blue Jays,Los Angeles Angels,0.5737704918032787,0.42622950819672134,0.14754098360655732,2.63570050924418,1.6464565857079956,BACKTEST_INIT
822821,Toronto Blue Jays,Boston Red Sox,0.5774058577405857,0.4225941422594143,0.15481171548117145,2.4586143129552065,1.2930835673752177,BACKTEST_INIT
822822,Toronto Blue Jays,Los Angeles Angels,0.48828125000000006,0.51171875,0.023437499999999944,2.7601453851306084,5.470861056359825,BACKTEST_INIT
822823,Toronto Blue Jays,Boston Red Sox,0.4787234042553192,0.5212765957446808,0.0425531914893616,2.2671434787738,5.182104948913261,BACKTEST_INIT
822824,Toronto Blue Jays,Cleveland Guardians,0.57847533632287,0.42152466367713004,0.15695067264573992,4.893995511756111,4.0082550475861245,BACKTEST_INIT
822825,Toronto Blue Jays,Boston Red Sox,0.483695652173913,0.5163043478260869,0.03260869565217389,3.445250923471821,5.267921985354633,BACKTEST_INIT
822826,Toronto Blue Jays,Cleveland Guardians,0.48502994011976047,0.5149700598802396,0.02994011976047911,4.9603198661404795,6.120643996857208,BACKTEST_INIT
822827,Toronto Blue Jays,Cleveland Guardians,0.5885167464114832,0.4114832535885168,0.17703349282296643,4.413469516536163,2.4213157810290493,BACKTEST_INIT
822828,Toronto Blue Jays,Minnesota Twins,0.4807692307692308,0.5192307692307692,0.03846153846153838,5.108290069608436,6.579679301547666,BACKTEST_INIT
822829,Toronto Blue Jays,Minnesota Twins,0.4339622641509434,0.5660377358490566,0.13207547169811318,1.9016729877206955,2.696475041037524,BACKTEST_INIT
822830,Toronto Blue Jays,Minnesota Twins,0.6370339220633585,0.3629660779366415,0.27406784412671703,7.980594641475175,3.0217518020853644,BACKTEST_INIT
822831,Toronto Blue Jays,Los Angeles Dodgers,0.25,0.75,0.5,2.337444861140985,9.65576965232559,BACKTEST_INIT
822832,Toronto Blue Jays,Los Angeles Dodgers,0.43333333333333335,0.5666666666666667,0.1333333333333333,2.1352642075188495,5.221196347225417,BACKTEST_INIT
822833,Toronto Blue Jays,Los Angeles Dodgers,0.46511627906976744,0.5348837209302326,0.06976744186046518,2.259449647584366,3.083506444190165,BACKTEST_INIT
822834,Toronto Blue Jays,Colorado Rockies,0.72198,0.27802,0.44395999999999997,4.226232048207496,2.6114274864535494,BACKTEST_INIT
822835,Toronto Blue Jays,Colorado Rockies,0.6274666666666666,0.3725333333333334,0.25493333333333323,4.260456623599465,1.1008195037758317,BACKTEST_INIT
822836,Toronto Blue Jays,Colorado Rockies,0.5263157894736842,0.4736842105263158,0.05263157894736836,4.52900956664967,9.321229160036822,BACKTEST_INIT
822837,Toronto Blue Jays,Athletics,0.67712,0.32288,0.35424000000000005,8.6691560000946,6.757435975780526,BACKTEST_INIT
822838,Toronto Blue Jays,Athletics,0.59802,0.40198,0.19604,3.2318088347109124,2.6715438442619837,BACKTEST_INIT
822839,Toronto Blue Jays,Athletics,0.5301,0.4699,0.06020000000000003,4.301643863956899,4.133297347991809,BACKTEST_INIT
822848,Texas Rangers,Tampa Bay Rays,0.5050167224080266,0.49498327759197336,0.010033444816053283,3.539390739011611,5.782663964226004,BACKTEST_INIT
822850,Texas Rangers,Tampa Bay Rays,0.506145251396648,0.493854748603352,0.012290502793296021,5.178999837269467,6.634847814464768,BACKTEST_INIT
822851,Texas Rangers,Athletics,0.5439795046968403,0.4560204953031597,0.08795900939368062,7.708481994002247,3.71070756672483,BACKTEST_INIT
822852,Texas Rangers,Tampa Bay Rays,0.5419847328244275,0.4580152671755725,0.08396946564885499,4.771791509184133,1.597341780637589,BACKTEST_INIT
822853,Texas Rangers,Tampa Bay Rays,0.5045045045045045,0.49549549549549554,0.009009009009008917,3.775820604259227,6.514628223928614,BACKTEST_INIT
822854,Texas Rangers,Athletics,0.6666666666666666,0.33333333333333337,0.33333333333333326,7.462588499683578,2.271529754955766,BACKTEST_INIT
822855,Texas Rangers,Athletics,0.5441176470588235,0.4558823529411765,0.08823529411764697,6.712747392128692,4.174422552812526,BACKTEST_INIT
822856,Texas Rangers,Los Angeles Angels,0.5059880239520957,0.49401197604790426,0.011976047904191489,1.3208640173735429,2.648519363704569,BACKTEST_INIT
822857,Texas Rangers,Los Angeles Angels,0.5067466266866567,0.4932533733133433,0.013493253373313419,1.6965096882321964,3.2346360654125297,BACKTEST_INIT
822858,Texas Rangers,Los Angeles Angels,0.5067466266866567,0.4932533733133433,0.013493253373313419,1.7592575957651198,2.927433922694426,BACKTEST_INIT
822859,Texas Rangers,Washington Nationals,0.5073891625615764,0.4926108374384236,0.014778325123152802,2.1342935627106714,5.852976431910106,BACKTEST_INIT
822860,Texas Rangers,Washington Nationals,0.5384615384615384,0.46153846153846156,0.07692307692307687,3.354764911367349,1.2694425560926486,BACKTEST_INIT
822861,Texas Rangers,Washington Nationals,0.5067466266866567,0.4932533733133433,0.013493253373313419,1.8679214952535736,5.082874597823276,BACKTEST_INIT
822862,Texas Rangers,Baltimore Orioles,0.5441176470588235,0.4558823529411765,0.08823529411764697,4.142381366602281,1.4178871802750215,BACKTEST_INIT
822863,Texas Rangers,Baltimore Orioles,0.5546049115663573,0.4453950884336427,0.10920982313271455,4.931283306627807,1.472325429630248,BACKTEST_INIT
822864,Texas Rangers,Baltimore Orioles,0.5461254612546126,0.4538745387453874,0.09225092250922518,3.394629479754477,1.5198184906825805,BACKTEST_INIT
822865,Texas Rangers,San Francisco Giants,0.5006305170239596,0.49936948297604045,0.0012610340479191073,2.5669709650641663,5.703139422621926,BACKTEST_INIT
822866,Texas Rangers,San Francisco Giants,0.5037406483790524,0.4962593516209476,0.007481296758104827,3.4976143386874075,4.31795700270574,BACKTEST_INIT
822867,Texas Rangers,San Francisco Giants,0.501269035532995,0.49873096446700504,0.002538071065989911,3.4790685643473696,6.3523037868888155,BACKTEST_INIT
822868,Texas Rangers,Seattle Mariners,0.5139664804469274,0.4860335195530726,0.027932960893854775,4.798919378767928,4.504202469448731,BACKTEST_INIT
822869,Texas Rangers,Seattle Mariners,0.5449360201998741,0.4550639798001259,0.08987204039974817,3.672992513435822,3.1152606155637654,BACKTEST_INIT
822870,Texas Rangers,Seattle Mariners,0.5478927203065134,0.45210727969348663,0.09578544061302674,5.667577967689139,2.0389736724569003,BACKTEST_INIT
822871,Texas Rangers,Chicago White Sox,0.25,0.75,0.5,2.9993952872471246,10.156160328064317,BACKTEST_INIT
822872,Texas Rangers,Seattle Mariners,0.5028169014084508,0.4971830985915492,0.005633802816901623,2.1381454390488104,2.6642608678604986,BACKTEST_INIT
822873,Texas Rangers,Chicago White Sox,0.6666666666666666,0.33333333333333337,0.33333333333333326,10.314055409845189,1.3348768255081342,BACKTEST_INIT
822874,Texas Rangers,Chicago White Sox,0.4955357142857143,0.5044642857142857,0.008928571428571397,2.6041513650644683,3.3526602479738874,BACKTEST_INIT
822875,Texas Rangers,Houston Astros,0.5546558704453441,0.44534412955465585,0.10931174089068829,7.063739230980284,3.8084217528933477,BACKTEST_INIT
822876,Texas Rangers,Houston Astros,0.25,0.75,0.5,3.4056425092738283,8.606162404380886,BACKTEST_INIT
822877,Texas Rangers,Los Angeles Angels,0.25,0.75,0.5,1.8084977369611508,8.935165028868566,BACKTEST_INIT
822878,Texas Rangers,Houston Astros,0.556910569105691,0.44308943089430897,0.11382113821138207,7.171885488933524,4.670865211667563,BACKTEST_INIT
822879,Texas Rangers,Detroit Tigers,0.490787269681742,0.509212730318258,0.018425460636515956,1.2316707717330502,3.7574685993994574,BACKTEST_INIT
822880,Texas Rangers,Los Angeles Angels,0.5573770491803278,0.4426229508196722,0.11475409836065564,7.036239922190452,3.2013515335349725,BACKTEST_INIT
822881,Texas Rangers,Los Angeles Angels,0.5344129554655871,0.4655870445344129,0.06882591093117418,3.6213367721719374,3.2620949307270006,BACKTEST_INIT
822882,Texas Rangers,Detroit Tigers,0.5648535564853556,0.4351464435146444,0.12970711297071125,8.370915926474755,3.597906770635074,BACKTEST_INIT
822883,Texas Rangers,San Diego Padres,0.5051759834368531,0.4948240165631469,0.010351966873706209,3.618088901538776,6.50200804423167,BACKTEST_INIT
822884,Texas Rangers,Detroit Tigers,0.4905335628227194,0.5094664371772806,0.018932874354561147,5.625047898425247,8.47821005508906,BACKTEST_INIT
822885,Texas Rangers,San Diego Padres,0.5670995670995671,0.4329004329004329,0.1341991341991342,9.240071909454556,6.376659458368543,BACKTEST_INIT
822886,Texas Rangers,San Diego Padres,0.25,0.75,0.5,2.141496721071008,6.364267367753938,BACKTEST_INIT
822887,Texas Rangers,Minnesota Twins,0.5238095238095238,0.47619047619047616,0.04761904761904767,5.126518028877147,5.159950214149148,BACKTEST_INIT
822888,Texas Rangers,Minnesota Twins,0.5069860279441117,0.49301397205588826,0.013972055888223478,2.788662486965361,4.281073215983309,BACKTEST_INIT
822889,Texas Rangers,Minnesota Twins,0.25,0.75,0.5,2.8452554825314946,10.18090909420671,BACKTEST_INIT
822890,Texas Rangers,Cleveland Guardians,0.49774774774774777,0.5022522522522522,0.0045045045045044585,1.7998366243563362,4.645347221927373,BACKTEST_INIT
822891,Texas Rangers,Cleveland Guardians,0.5754716981132075,0.42452830188679247,0.15094339622641506,3.5734899006263325,2.5576504511181914,BACKTEST_INIT
822892,Texas Rangers,Cleveland Guardians,0.5754716981132075,0.42452830188679247,0.15094339622641506,4.713809448029159,3.1586726217981353,BACKTEST_INIT
822893,Texas Rangers,Kansas City Royals,0.6666666666666666,0.33333333333333337,0.33333333333333326,8.664084453487972,2.3451783593151942,BACKTEST_INIT
822894,Texas Rangers,Kansas City Royals,0.4753246753246753,0.5246753246753246,0.04935064935064931,3.078228615806438,4.024080338281488,BACKTEST_INIT
822895,Texas Rangers,Kansas City Royals,0.5828877005347592,0.41711229946524075,0.1657754010695185,7.512385640804039,4.8067954977516205,BACKTEST_INIT
822896,Texas Rangers,Houston Astros,0.25,0.75,0.5,1.293544610849691,4.443218720609974,BACKTEST_INIT
822897,Texas Rangers,Houston Astros,0.5810055865921788,0.4189944134078212,0.16201117318435765,9.982956879122213,7.5968851869031715,BACKTEST_INIT
822898,Texas Rangers,Houston Astros,0.25,0.75,0.5,1.6187255621617025,8.744910308114388,BACKTEST_INIT
822899,Texas Rangers,Houston Astros,0.48467966573816157,0.5153203342618384,0.03064066852367686,1.9760075822528838,4.73491985275738,BACKTEST_INIT
822900,Texas Rangers,Arizona Diamondbacks,0.5773809523809523,0.42261904761904767,0.15476190476190466,6.389600819390925,2.5648693322352787,BACKTEST_INIT
822901,Texas Rangers,Arizona Diamondbacks,0.5748502994011975,0.4251497005988025,0.14970059880239495,3.709157473628694,1.586778743004206,BACKTEST_INIT
822902,Texas Rangers,Chicago Cubs,0.573170731707317,0.426829268292683,0.14634146341463405,4.674754793673236,1.3246594605734274,BACKTEST_INIT
822903,Texas Rangers,Arizona Diamondbacks,0.5668789808917197,0.43312101910828027,0.13375796178343946,1.680616954854102,1.5848096042365198,BACKTEST_INIT
822904,Texas Rangers,Chicago Cubs,0.25,0.75,0.5,4.321913148331765,10.531170532472519,BACKTEST_INIT
822905,Texas Rangers,Chicago Cubs,0.25,0.75,0.5,2.2568965605970894,6.53319551297351,BACKTEST_INIT
822906,Texas Rangers,New York Yankees,0.5826086956521739,0.4173913043478261,0.16521739130434776,2.732458771904566,2.249367842815394,BACKTEST_INIT
822907,Texas Rangers,New York Yankees,0.4898989898989899,0.5101010101010102,0.020202020202020277,2.430440391857635,2.9782705581189735,BACKTEST_INIT
822908,Texas Rangers,New York Yankees,0.4787234042553192,0.5212765957446808,0.0425531914893616,2.78732338780637,3.185147748836406,BACKTEST_INIT
822909,Texas Rangers,Athletics,0.5885167464114832,0.4114832535885168,0.17703349282296643,7.023239476780741,3.1335052383773285,BACKTEST_INIT
822910,Texas Rangers,Athletics,0.25,0.75,0.5,1.4368435564356532,6.382542420605761,BACKTEST_INIT
822911,Texas Rangers,Athletics,0.4857142857142857,0.5142857142857142,0.028571428571428525,2.707265160527074,4.170677582378566,BACKTEST_INIT
822912,Texas Rangers,Pittsburgh Pirates,0.4873417721518987,0.5126582278481013,0.02531645569620261,4.13924521576588,8.489538973876101,BACKTEST_INIT
822913,Texas Rangers,Pittsburgh Pirates,0.597989949748744,0.402010050251256,0.19597989949748795,4.399480600153624,1.7032032627343348,BACKTEST_INIT
822914,Texas Rangers,Pittsburgh Pirates,0.4666666666666667,0.5333333333333333,0.06666666666666665,3.7577215448465227,6.395262899398642,BACKTEST_INIT
822915,Texas Rangers,Seattle Mariners,0.5982905982905983,0.4017094017094017,0.19658119658119655,2.9585604752552705,2.3625055357108424,BACKTEST_INIT
822916,Texas Rangers,Seattle Mariners,0.5963302752293578,0.4036697247706422,0.19266055045871555,2.9419614617931034,2.466840677741039,BACKTEST_INIT
822917,Texas Rangers,Cincinnati Reds,0.5,0.5,0.0,1.5767486981553422,2.8692001792728425,BACKTEST_INIT
822918,Texas Rangers,Seattle Mariners,0.43333333333333335,0.5666666666666667,0.1333333333333333,2.9762075982670475,4.587365288114855,BACKTEST_INIT
822919,Texas Rangers,Cincinnati Reds,0.6363636363636364,0.36363636363636365,0.2727272727272727,5.754113505140467,3.9815990620096606,BACKTEST_INIT
822920,Texas Rangers,Cincinnati Reds,0.5217391304347826,0.4782608695652174,0.04347826086956519,4.213809174223686,4.662114549035168,BACKTEST_INIT
822929,Tampa Bay Rays,New York Mets,0.5045766590389016,0.4954233409610984,0.009153318077803174,2.3259171420184366,3.129137060056096,BACKTEST_INIT
822931,Tampa Bay Rays,New York Mets,0.5439795046968403,0.4560204953031597,0.08795900939368062,5.079994222615917,2.970226237080832,BACKTEST_INIT
822932,Tampa Bay Rays,New York Mets,0.5441176470588235,0.4558823529411765,0.08823529411764697,6.667118503768384,3.4758773712114195,BACKTEST_INIT
822933,Tampa Bay Rays,San Diego Padres,0.5440278988666086,0.45597210113339137,0.08805579773321726,7.563605302762272,4.728690635141483,BACKTEST_INIT
822934,Tampa Bay Rays,Toronto Blue Jays,0.5067466266866567,0.4932533733133433,0.013493253373313419,6.739587741223419,7.299359443582124,BACKTEST_INIT
822935,Tampa Bay Rays,San Diego Padres,0.5073170731707316,0.4926829268292684,0.014634146341463206,1.1873084962158629,2.0185068966364765,BACKTEST_INIT
822936,Tampa Bay Rays,San Diego Padres,0.6666666666666666,0.33333333333333337,0.33333333333333326,9.133695014143317,2.7629705142170917,BACKTEST_INIT
822937,Tampa Bay Rays,Toronto Blue Jays,0.5067466266866567,0.4932533733133433,0.013493253373313419,5.216135559810188,8.17648577521492,BACKTEST_INIT
822938,Tampa Bay Rays,Toronto Blue Jays,0.5384615384615384,0.46153846153846156,0.07692307692307687,6.4897713350490065,4.0410498939788475,BACKTEST_INIT
822939,Tampa Bay Rays,Baltimore Orioles,0.25,0.75,0.5,3.030135396154198,9.012937318159395,BACKTEST_INIT
822940,Tampa Bay Rays,Baltimore Orioles,0.5074441687344913,0.4925558312655087,0.014888337468982549,3.9214371826188144,4.663301830791921,BACKTEST_INIT
822941,Tampa Bay Rays,Baltimore Orioles,0.539795918367347,0.46020408163265303,0.07959183673469394,5.618579644572489,5.159931369891292,BACKTEST_INIT
822942,Tampa Bay Rays,Baltimore Orioles,0.5405960945529291,0.4594039054470709,0.08119218910585824,6.522749176736376,4.388965262593255,BACKTEST_INIT
822943,Tampa Bay Rays,Chicago White Sox,0.5012820512820514,0.4987179487179486,0.002564102564102777,1.5893229332171157,1.7500799007057934,BACKTEST_INIT
822944,Tampa Bay Rays,Chicago White Sox,0.5019455252918289,0.4980544747081711,0.0038910505836577958,1.731182538543313,4.755137638932599,BACKTEST_INIT
822945,Tampa Bay Rays,Chicago White Sox,0.5039473684210526,0.4960526315789474,0.007894736842105177,2.037397911631907,2.123176236976265,BACKTEST_INIT
822946,Tampa Bay Rays,Texas Rangers,0.5433962264150943,0.45660377358490567,0.08679245283018866,2.200307812196376,1.7918666260913594,BACKTEST_INIT
822947,Tampa Bay Rays,Texas Rangers,0.5040214477211796,0.4959785522788204,0.008042895442359255,2.1444681374428516,3.3191986122087727,BACKTEST_INIT
822948,Tampa Bay Rays,Cleveland Guardians,0.6666666666666666,0.33333333333333337,0.33333333333333326,9.897354715255991,2.6998660933763303,BACKTEST_INIT
822949,Tampa Bay Rays,Texas Rangers,0.5054347826086957,0.4945652173913043,0.010869565217391353,2.306189526421019,2.8940235467292896,BACKTEST_INIT
822950,Tampa Bay Rays,Cleveland Guardians,0.5020689655172415,0.49793103448275855,0.0041379310344829,1.3736061566002826,1.5764506370977367,BACKTEST_INIT
822951,Tampa Bay Rays,Seattle Mariners,0.5542168674698795,0.4457831325301205,0.10843373493975905,6.354005119792691,2.6309497257529784,BACKTEST_INIT
822952,Tampa Bay Rays,Cleveland Guardians,0.5028169014084508,0.4971830985915492,0.005633802816901623,2.1943383971943735,2.602613917552629,BACKTEST_INIT
822953,Tampa Bay Rays,Seattle Mariners,0.5546558704453441,0.44534412955465585,0.10931174089068829,5.834285915612622,2.8272511696453395,BACKTEST_INIT
822954,Tampa Bay Rays,New York Yankees,0.5573770491803278,0.4426229508196722,0.11475409836065564,3.721181776042579,1.5614391226761397,BACKTEST_INIT
822955,Tampa Bay Rays,Seattle Mariners,0.49522292993630573,0.5047770700636942,0.009554140127388477,3.558475178233918,4.037641398545674,BACKTEST_INIT
822956,Tampa Bay Rays,New York Yankees,0.4909688013136289,0.5090311986863711,0.018062397372742234,2.6047053018771553,3.3708742301085532,BACKTEST_INIT
822957,Tampa Bay Rays,New York Yankees,0.5573770491803278,0.4426229508196722,0.11475409836065564,4.760033010541304,3.4714313675490356,BACKTEST_INIT
822958,Tampa Bay Rays,New York Yankees,0.5619834710743802,0.4380165289256198,0.12396694214876036,2.869525126851456,1.615635703338591,BACKTEST_INIT
822959,Tampa Bay Rays,Arizona Diamondbacks,0.5635593220338984,0.43644067796610164,0.12711864406779672,4.553752492571904,1.5627168408284073,BACKTEST_INIT
822960,Tampa Bay Rays,Arizona Diamondbacks,0.5641025641025641,0.4358974358974359,0.1282051282051282,4.390588751556157,1.3373537971563347,BACKTEST_INIT
822961,Tampa Bay Rays,Kansas City Royals,0.5622317596566524,0.4377682403433476,0.1244635193133048,4.058078120677521,1.6988956230328625,BACKTEST_INIT
822962,Tampa Bay Rays,Arizona Diamondbacks,0.5641025641025641,0.4358974358974359,0.1282051282051282,3.5888758178141646,1.459815712330005,BACKTEST_INIT
822963,Tampa Bay Rays,Kansas City Royals,0.5041152263374485,0.49588477366255146,0.008230452674897082,2.401727033480181,3.2014633357377438,BACKTEST_INIT
822964,Tampa Bay Rays,Kansas City Royals,0.5622317596566524,0.4377682403433476,0.1244635193133048,5.93067687677757,4.220610091793705,BACKTEST_INIT
822965,Tampa Bay Rays,Kansas City Royals,0.25,0.75,0.5,3.953683496116445,9.469101864201559,BACKTEST_INIT
822966,Tampa Bay Rays,Washington Nationals,0.5039215686274511,0.4960784313725489,0.007843137254902155,3.609202130047702,3.999465485224916,BACKTEST_INIT
822967,Tampa Bay Rays,Washington Nationals,0.5670995670995671,0.4329004329004329,0.1341991341991342,4.204770130663745,3.041401479704022,BACKTEST_INIT
822968,Tampa Bay Rays,Washington Nationals,0.5397196261682243,0.46028037383177567,0.07943925233644866,3.713795592125029,3.3667117497969934,BACKTEST_INIT
822969,Tampa Bay Rays,Boston Red Sox,0.5694444444444445,0.43055555555555547,0.13888888888888906,2.8124246813673595,2.076279740957245,BACKTEST_INIT
822970,Tampa Bay Rays,Boston Red Sox,0.5694444444444445,0.43055555555555547,0.13888888888888906,3.480795442929116,2.4949530752032603,BACKTEST_INIT
822971,Tampa Bay Rays,Detroit Tigers,0.5205479452054794,0.4794520547945206,0.041095890410958846,9.724304441314183,9.27747033722681,BACKTEST_INIT
822972,Tampa Bay Rays,Boston Red Sox,0.5128205128205128,0.4871794871794872,0.02564102564102555,2.985760980306697,2.727617359749445,BACKTEST_INIT
822973,Tampa Bay Rays,Detroit Tigers,0.25,0.75,0.5,1.2397558350871973,8.338063708463599,BACKTEST_INIT
822974,Tampa Bay Rays,Detroit Tigers,0.582010582010582,0.417989417989418,0.16402116402116396,3.071749648169164,1.7211991009482963,BACKTEST_INIT
822975,Tampa Bay Rays,Los Angeles Angels,0.5806451612903226,0.4193548387096774,0.16129032258064524,8.340881453601911,5.811232280503687,BACKTEST_INIT
822976,Tampa Bay Rays,Los Angeles Angels,0.25,0.75,0.5,2.391520794453585,7.8602311751353175,BACKTEST_INIT
822977,Tampa Bay Rays,Baltimore Orioles,0.5416666666666666,0.45833333333333337,0.08333333333333326,2.476785358741531,2.074916767385351,BACKTEST_INIT
822978,Tampa Bay Rays,Los Angeles Angels,0.25,0.75,0.5,2.1713856072176503,7.18559891165102,BACKTEST_INIT
822979,Tampa Bay Rays,Baltimore Orioles,0.5838150289017341,0.4161849710982659,0.16763005780346818,9.996570454050453,5.028525795828288,BACKTEST_INIT
822980,Tampa Bay Rays,Baltimore Orioles,0.5081967213114753,0.4918032786885247,0.016393442622950616,2.0597647932112926,2.8871253869611166,BACKTEST_INIT
822981,Tampa Bay Rays,Miami Marlins,0.5823529411764706,0.41764705882352937,0.16470588235294126,6.185213334183252,2.5655511728012885,BACKTEST_INIT
822982,Tampa Bay Rays,Miami Marlins,0.5115511551155115,0.4884488448844885,0.02310231023102305,5.5631431562000415,9.365168487986235,BACKTEST_INIT
822983,Tampa Bay Rays,Miami Marlins,0.5823529411764706,0.41764705882352937,0.16470588235294126,4.721532135483936,2.608046542693421,BACKTEST_INIT
822984,Tampa Bay Rays,Toronto Blue Jays,0.5802919708029197,0.4197080291970803,0.16058394160583944,2.4357439727824577,1.3738176523650236,BACKTEST_INIT
822985,Tampa Bay Rays,Toronto Blue Jays,0.5798611111111112,0.42013888888888884,0.15972222222222232,3.9153526741601405,1.8455904231569094,BACKTEST_INIT
822986,Tampa Bay Rays,Toronto Blue Jays,0.5842293906810035,0.41577060931899645,0.1684587813620071,3.8635551441534988,1.4008743559278556,BACKTEST_INIT
822987,Tampa Bay Rays,San Francisco Giants,0.5789473684210525,0.42105263157894746,0.1578947368421051,3.8712883175833603,1.5379191298486252,BACKTEST_INIT
822988,Tampa Bay Rays,San Francisco Giants,0.5714285714285713,0.4285714285714287,0.14285714285714257,3.1226460460983034,1.665237907707464,BACKTEST_INIT
822989,Tampa Bay Rays,Minnesota Twins,0.5806451612903226,0.4193548387096774,0.16129032258064524,6.850384213662855,3.2168776793515605,BACKTEST_INIT
822990,Tampa Bay Rays,San Francisco Giants,0.5776892430278885,0.4223107569721115,0.15537848605577698,2.9182298904274306,2.1294236229743695,BACKTEST_INIT
822991,Tampa Bay Rays,Minnesota Twins,0.57847533632287,0.42152466367713004,0.15695067264573992,6.457155313549845,2.906884496971916,BACKTEST_INIT
822992,Tampa Bay Rays,Minnesota Twins,0.5885167464114832,0.4114832535885168,0.17703349282296643,7.325800860282127,3.213809777017416,BACKTEST_INIT
822993,Tampa Bay Rays,Cincinnati Reds,0.46258503401360546,0.5374149659863945,0.07482993197278903,4.734334014746252,8.519921225882364,BACKTEST_INIT
822994,Tampa Bay Rays,Cincinnati Reds,0.46923076923076923,0.5307692307692308,0.06153846153846154,2.7334440225412084,4.068709659333207,BACKTEST_INIT
822995,Tampa Bay Rays,Cincinnati Reds,0.4666666666666667,0.5333333333333333,0.06666666666666665,2.0569757105862805,4.982600268501925,BACKTEST_INIT
822996,Tampa Bay Rays,New York Yankees,0.6097560975609756,0.3902439024390244,0.2195121951219512,3.681161684768381,2.756789979754242,BACKTEST_INIT
822997,Tampa Bay Rays,New York Yankees,0.4339622641509434,0.5660377358490566,0.13207547169811318,2.499691377270031,2.6910327048771587,BACKTEST_INIT
822998,Tampa Bay Rays,New York Yankees,0.6106870229007634,0.3893129770992366,0.22137404580152675,4.32131401224485,3.281972168901007,BACKTEST_INIT
822999,Tampa Bay Rays,Chicago Cubs,0.5963302752293578,0.4036697247706422,0.19266055045871555,5.718241165428669,2.8793709001031833,BACKTEST_INIT
823000,Tampa Bay Rays,Chicago Cubs,0.25,0.75,0.5,2.9237804002234973,9.624647291193986,BACKTEST_INIT
823002,Tampa Bay Rays,Chicago Cubs,0.6086956521739131,0.3913043478260869,0.21739130434782616,5.317816727783152,2.005280659945956,BACKTEST_INIT
823010,St. Louis Cardinals,Pittsburgh Pirates,0.5057870370370371,0.4942129629629629,0.011574074074074181,2.7100567423417043,4.7139370485322045,BACKTEST_INIT
823011,St. Louis Cardinals,Pittsburgh Pirates,0.5425812115891133,0.4574187884108867,0.08516242317822664,3.3289613527089044,2.3172844233981733,BACKTEST_INIT
823013,St. Louis Cardinals,Pittsburgh Pirates,0.5073170731707316,0.4926829268292684,0.014634146341463206,2.9663995745173524,3.302780548792268,BACKTEST_INIT
823014,St. Louis Cardinals,Baltimore Orioles,0.5073349633251835,0.49266503667481654,0.014669926650366927,6.256703112796703,8.422213681465934,BACKTEST_INIT
823015,St. Louis Cardinals,Baltimore Orioles,0.25,0.75,0.5,1.2254500725688307,9.600038861856026,BACKTEST_INIT
823016,St. Louis Cardinals,Baltimore Orioles,0.5424657534246575,0.4575342465753425,0.08493150684931505,7.822355529620344,3.3058083681511303,BACKTEST_INIT
823017,St. Louis Cardinals,Philadelphia Phillies,0.5402298850574713,0.45977011494252873,0.08045977011494254,3.1316219318862797,1.6184928921167865,BACKTEST_INIT
823018,St. Louis Cardinals,Philadelphia Phillies,0.5066344993968637,0.49336550060313633,0.013268998793727338,4.777631940453586,5.461839505656033,BACKTEST_INIT
823019,St. Louis Cardinals,Philadelphia Phillies,0.5053763440860215,0.4946236559139785,0.010752688172043001,5.278881050200554,6.173426986511381,BACKTEST_INIT
823020,St. Louis Cardinals,Colorado Rockies,0.5078597339782346,0.4921402660217654,0.01571946795646917,4.998763502872523,9.044157810914706,BACKTEST_INIT
823021,St. Louis Cardinals,Colorado Rockies,0.5461254612546126,0.4538745387453874,0.09225092250922518,2.620557126087316,1.8571957195564064,BACKTEST_INIT
823022,St. Louis Cardinals,Chicago Cubs,0.25,0.75,0.5,2.893657368049183,10.015330972575576,BACKTEST_INIT
823023,St. Louis Cardinals,Chicago Cubs,0.5433962264150943,0.45660377358490567,0.08679245283018866,3.075035336111625,1.4222659471419958,BACKTEST_INIT
823024,St. Louis Cardinals,Colorado Rockies,0.5461254612546126,0.4538745387453874,0.09225092250922518,2.473077680642527,1.8176530288733168,BACKTEST_INIT
823025,St. Louis Cardinals,Chicago Cubs,0.5436643660343063,0.45633563396569365,0.08732873206861269,6.4880943520721335,5.683584107046753,BACKTEST_INIT
823026,St. Louis Cardinals,Chicago Cubs,0.5054347826086957,0.4945652173913043,0.010869565217391353,3.444547112228224,5.9200699357392566,BACKTEST_INIT
823027,St. Louis Cardinals,Cincinnati Reds,0.5020920502092049,0.4979079497907951,0.004184100418409775,2.467309299172666,4.882031947961292,BACKTEST_INIT
823028,St. Louis Cardinals,Cincinnati Reds,0.6666666666666666,0.33333333333333337,0.33333333333333326,6.4367271711900385,1.6966847409185186,BACKTEST_INIT
823029,St. Louis Cardinals,Atlanta Braves,0.5542168674698795,0.4457831325301205,0.10843373493975905,3.06551491039637,1.2017768985557862,BACKTEST_INIT
823030,St. Louis Cardinals,Atlanta Braves,0.5546558704453441,0.44534412955465585,0.10931174089068829,2.598934311701815,1.2017768985557862,BACKTEST_INIT
823031,St. Louis Cardinals,Cincinnati Reds,0.5028169014084508,0.4971830985915492,0.005633802816901623,2.5754871461069815,5.7428831837062875,BACKTEST_INIT
823032,St. Louis Cardinals,Milwaukee Brewers,0.25,0.75,0.5,2.6437178948229523,9.61703678855392,BACKTEST_INIT
823033,St. Louis Cardinals,Atlanta Braves,0.25,0.75,0.5,3.2114229187175325,9.43831454817978,BACKTEST_INIT
823034,St. Louis Cardinals,Milwaukee Brewers,0.5573770491803278,0.4426229508196722,0.11475409836065564,4.025402016476303,1.3572135403992518,BACKTEST_INIT
823035,St. Louis Cardinals,Milwaukee Brewers,0.5344129554655871,0.4655870445344129,0.06882591093117418,3.460910521687792,3.3256850069671264,BACKTEST_INIT
823036,St. Louis Cardinals,Milwaukee Brewers,0.5619834710743802,0.4380165289256198,0.12396694214876036,3.351968965816895,2.633317367992834,BACKTEST_INIT
823037,St. Louis Cardinals,Miami Marlins,0.4972477064220184,0.5027522935779816,0.005504587155963192,1.6084680838973717,4.110613565652117,BACKTEST_INIT
823038,St. Louis Cardinals,Miami Marlins,0.4972170686456401,0.5027829313543599,0.005565862708719838,1.7775266120180049,3.2440459671794963,BACKTEST_INIT
823039,St. Louis Cardinals,Miami Marlins,0.5641025641025641,0.4358974358974359,0.1282051282051282,3.2602474515984934,2.39829490868265,BACKTEST_INIT
823040,St. Louis Cardinals,Arizona Diamondbacks,0.5386363636363637,0.4613636363636363,0.07727272727272738,5.378956162559211,4.74510304643343,BACKTEST_INIT
823041,St. Louis Cardinals,Arizona Diamondbacks,0.5104317705011135,0.48956822949888645,0.020863541002227093,3.5665194780519585,3.359903015867774,BACKTEST_INIT
823042,St. Louis Cardinals,Arizona Diamondbacks,0.5028328611898017,0.49716713881019825,0.0056657223796034994,4.225046663913594,4.963981277089145,BACKTEST_INIT
823043,St. Louis Cardinals,Arizona Diamondbacks,0.5622317596566524,0.4377682403433476,0.1244635193133048,4.097303224308686,3.1792329816299993,BACKTEST_INIT
823044,St. Louis Cardinals,San Diego Padres,0.5707964601769913,0.42920353982300874,0.14159292035398252,2.718114032633602,1.4375925287419609,BACKTEST_INIT
823045,St. Louis Cardinals,San Diego Padres,0.5695067264573991,0.4304932735426009,0.13901345291479816,2.807743182218399,1.3892946731150642,BACKTEST_INIT
823046,St. Louis Cardinals,San Diego Padres,0.5069860279441117,0.49301397205588826,0.013972055888223478,2.7095169203471268,4.917657666669427,BACKTEST_INIT
823047,St. Louis Cardinals,Cincinnati Reds,0.574766355140187,0.42523364485981296,0.14953271028037407,5.415583724771606,3.504763067530334,BACKTEST_INIT
823048,St. Louis Cardinals,Cincinnati Reds,0.6666666666666666,0.33333333333333337,0.33333333333333326,9.83193380449092,2.5996456254575007,BACKTEST_INIT
823049,St. Louis Cardinals,Cincinnati Reds,0.5754716981132075,0.42452830188679247,0.15094339622641506,3.4102133124917193,2.193794876106291,BACKTEST_INIT
823050,St. Louis Cardinals,Texas Rangers,0.582010582010582,0.417989417989418,0.16402116402116396,2.9877874955543784,2.379324024686956,BACKTEST_INIT
823051,St. Louis Cardinals,Texas Rangers,0.49156626506024087,0.5084337349397592,0.016867469879518315,2.863987151175725,6.180337496578353,BACKTEST_INIT
823052,St. Louis Cardinals,Texas Rangers,0.4950980392156863,0.5049019607843137,0.009803921568627416,2.305055787690128,2.4395623705467964,BACKTEST_INIT
823053,St. Louis Cardinals,Chicago Cubs,0.4875,0.5125,0.024999999999999967,2.4859554626024476,5.44344223049295,BACKTEST_INIT
823054,St. Louis Cardinals,Chicago Cubs,0.5411764705882353,0.45882352941176474,0.08235294117647052,4.40625890235289,4.038220190266343,BACKTEST_INIT
823055,St. Louis Cardinals,Chicago Cubs,0.4753246753246753,0.5246753246753246,0.04935064935064931,1.8212564611058757,3.6230497017464725,BACKTEST_INIT
823056,St. Louis Cardinals,Pittsburgh Pirates,0.25,0.75,0.5,1.1368125757108856,6.115805421152208,BACKTEST_INIT
823057,St. Louis Cardinals,Pittsburgh Pirates,0.5765306122448979,0.4234693877551021,0.15306122448979576,7.714854274927222,4.548478638977572,BACKTEST_INIT
823058,St. Louis Cardinals,Kansas City Royals,0.5823529411764706,0.41764705882352937,0.16470588235294126,4.509881706557556,2.9288757104289185,BACKTEST_INIT
823059,St. Louis Cardinals,Pittsburgh Pirates,0.5838150289017341,0.4161849710982659,0.16763005780346818,2.8038764944653423,1.758713617193992,BACKTEST_INIT
823060,St. Louis Cardinals,Kansas City Royals,0.5823529411764706,0.41764705882352937,0.16470588235294126,5.791630393110633,4.670710014683401,BACKTEST_INIT
823061,St. Louis Cardinals,Kansas City Royals,0.5823529411764706,0.41764705882352937,0.16470588235294126,5.776881944766664,4.611094534751871,BACKTEST_INIT
823062,St. Louis Cardinals,Milwaukee Brewers,0.5344129554655871,0.4655870445344129,0.06882591093117418,3.460910521687792,3.3256850069671264,BACKTEST_INIT
823063,St. Louis Cardinals,Milwaukee Brewers,0.5798611111111112,0.42013888888888884,0.15972222222222232,1.8291995806518462,1.4894204838723293,BACKTEST_INIT
823064,St. Louis Cardinals,Milwaukee Brewers,0.4827586206896552,0.5172413793103448,0.03448275862068956,2.4159483604139775,6.10075152417641,BACKTEST_INIT
823065,St. Louis Cardinals,Los Angeles Dodgers,0.5789473684210525,0.42105263157894746,0.1578947368421051,3.9638503041311606,2.6736291911979158,BACKTEST_INIT
823066,St. Louis Cardinals,Los Angeles Dodgers,0.5776892430278885,0.4223107569721115,0.15537848605577698,4.139676694999679,3.373323919932929,BACKTEST_INIT
823067,St. Louis Cardinals,Los Angeles Dodgers,0.5714285714285713,0.4285714285714287,0.14285714285714257,5.246528935520664,2.7856575953444076,BACKTEST_INIT
823068,St. Louis Cardinals,Seattle Mariners,0.57847533632287,0.42152466367713004,0.15695067264573992,8.918310839210623,8.533605116808733,BACKTEST_INIT
823069,St. Louis Cardinals,Seattle Mariners,0.484472049689441,0.515527950310559,0.03105590062111796,2.839464895915545,3.5223291670043775,BACKTEST_INIT
823070,St. Louis Cardinals,Seattle Mariners,0.48502994011976047,0.5149700598802396,0.02994011976047911,2.656199957028832,3.4478481699431662,BACKTEST_INIT
823071,St. Louis Cardinals,Cleveland Guardians,0.4888888888888889,0.5111111111111111,0.0222222222222222,4.620375902567326,4.993293856693525,BACKTEST_INIT
823072,St. Louis Cardinals,Cleveland Guardians,0.25,0.75,0.5,3.487168174253193,8.657543173677382,BACKTEST_INIT
823073,St. Louis Cardinals,Cleveland Guardians,0.6159420289855072,0.3840579710144928,0.2318840579710144,7.33029160819671,5.5563804388930205,BACKTEST_INIT
823074,St. Louis Cardinals,Boston Red Sox,0.6097560975609756,0.3902439024390244,0.2195121951219512,3.0063354462205787,2.559531579612443,BACKTEST_INIT
823075,St. Louis Cardinals,Boston Red Sox,0.25,0.75,0.5,2.462175370102755,6.531526390597229,BACKTEST_INIT
823076,St. Louis Cardinals,Boston Red Sox,0.6101694915254238,0.38983050847457623,0.22033898305084754,3.0081152191213008,2.7928304919243554,BACKTEST_INIT
823077,St. Louis Cardinals,New York Mets,0.5263157894736842,0.4736842105263158,0.05263157894736836,3.1176898968726996,4.851014770874409,BACKTEST_INIT
823078,St. Louis Cardinals,New York Mets,0.62,0.38,0.24,3.1316139904518714,1.8570622232921323,BACKTEST_INIT
823079,St. Louis Cardinals,Tampa Bay Rays,0.66004,0.33996,0.32008,7.1657044891506825,5.4637348352195545,BACKTEST_INIT
823080,St. Louis Cardinals,New York Mets,0.40554,0.59446,0.18891999999999998,5.213138597568218,5.966361087940591,BACKTEST_INIT
823081,St. Louis Cardinals,Tampa Bay Rays,0.43586,0.56414,0.12827999999999995,4.151560828431274,4.676617861616128,BACKTEST_INIT
823082,St. Louis Cardinals,Tampa Bay Rays,0.7169,0.2831,0.43379999999999996,7.492298156831211,5.171359510956496,BACKTEST_INIT
823091,Seattle Mariners,Athletics,0.5050167224080266,0.49498327759197336,0.010033444816053283,3.083319275193154,6.409546792569339,BACKTEST_INIT
823093,Seattle Mariners,Athletics,0.506145251396648,0.493854748603352,0.012290502793296021,3.4566200713533997,6.583786309529047,BACKTEST_INIT
823094,Seattle Mariners,Athletics,0.506145251396648,0.493854748603352,0.012290502793296021,4.677311524822878,6.6962610987893445,BACKTEST_INIT
823095,Seattle Mariners,Athletics,0.5045045045045045,0.49549549549549554,0.009009009009008917,3.200109478818746,6.346131534670684,BACKTEST_INIT
823096,Seattle Mariners,Philadelphia Phillies,0.5415162454873647,0.45848375451263534,0.08303249097472931,4.398935409507725,1.9414523155025771,BACKTEST_INIT
823097,Seattle Mariners,Philadelphia Phillies,0.25,0.75,0.5,2.5093868515171747,7.227067120605231,BACKTEST_INIT
823098,Seattle Mariners,Philadelphia Phillies,0.6666666666666666,0.33333333333333337,0.33333333333333326,8.174542842256736,2.392710668291728,BACKTEST_INIT
823099,Seattle Mariners,Chicago Cubs,0.5440222428174233,0.4559777571825767,0.08804448563484657,5.10423827870251,4.020058154921712,BACKTEST_INIT
823100,Seattle Mariners,Chicago Cubs,0.5427230046948357,0.4572769953051643,0.0854460093896714,5.138225079191444,4.022056173833692,BACKTEST_INIT
823101,Seattle Mariners,Chicago Cubs,0.5380144806977015,0.4619855193022985,0.07602896139540305,4.453608631736826,2.966442430284078,BACKTEST_INIT
823102,Seattle Mariners,Tampa Bay Rays,0.5048899755501222,0.49511002444987784,0.009779951100244322,1.7146684333433417,3.1171989432641443,BACKTEST_INIT
823103,Seattle Mariners,Tampa Bay Rays,0.5049382716049383,0.4950617283950617,0.009876543209876631,1.734276927332052,4.88481727202063,BACKTEST_INIT
823104,Seattle Mariners,Tampa Bay Rays,0.5078597339782346,0.4921402660217654,0.01571946795646917,1.7584596437541344,3.0746377648701873,BACKTEST_INIT
823105,Seattle Mariners,Detroit Tigers,0.5342679127725857,0.4657320872274143,0.06853582554517135,2.639116467601398,2.1612302435542414,BACKTEST_INIT
823106,Seattle Mariners,Detroit Tigers,0.25,0.75,0.5,1.8682362075789762,7.471981381660376,BACKTEST_INIT
823107,Seattle Mariners,Minnesota Twins,0.5012820512820514,0.4987179487179486,0.002564102564102777,3.281947195186876,3.7553802470464714,BACKTEST_INIT
823108,Seattle Mariners,Detroit Tigers,0.25,0.75,0.5,2.6584771354806604,7.227295738377688,BACKTEST_INIT
823109,Seattle Mariners,Minnesota Twins,0.5019455252918289,0.4980544747081711,0.0038910505836577958,3.076536976824039,4.596809383508405,BACKTEST_INIT
823110,Seattle Mariners,Cincinnati Reds,0.5028571428571429,0.4971428571428571,0.005714285714285783,2.2677205800585343,2.4766203874331914,BACKTEST_INIT
823111,Seattle Mariners,Minnesota Twins,0.5039473684210526,0.4960526315789474,0.007894736842105177,3.0432134949124343,4.275480391894809,BACKTEST_INIT
823112,Seattle Mariners,Cincinnati Reds,0.4955357142857143,0.5044642857142857,0.008928571428571397,4.712073661543823,5.631829927146049,BACKTEST_INIT
823113,Seattle Mariners,San Francisco Giants,0.49473684210526314,0.5052631578947369,0.010526315789473717,2.506794904359128,3.7764966062779877,BACKTEST_INIT
823114,Seattle Mariners,Cincinnati Reds,0.6666666666666666,0.33333333333333337,0.33333333333333326,7.402049727947323,1.4882730542735667,BACKTEST_INIT
823115,Seattle Mariners,San Francisco Giants,0.5542168674698795,0.4457831325301205,0.10843373493975905,4.0470302045398805,2.7222786667117607,BACKTEST_INIT
823116,Seattle Mariners,San Francisco Giants,0.25,0.75,0.5,1.7008085186463118,6.29624563232241,BACKTEST_INIT
823117,Seattle Mariners,Toronto Blue Jays,0.6666666666666666,0.33333333333333337,0.33333333333333326,7.908603650741577,2.120115905471379,BACKTEST_INIT
823118,Seattle Mariners,Toronto Blue Jays,0.49066213921901536,0.5093378607809846,0.018675721561969283,1.4488417411441816,3.1135928564130984,BACKTEST_INIT
823119,Seattle Mariners,Los Angeles Angels,0.5654008438818565,0.4345991561181435,0.13080168776371304,6.732544295746673,3.0902459011783674,BACKTEST_INIT
823120,Seattle Mariners,Toronto Blue Jays,0.4914383561643836,0.5085616438356164,0.017123287671232834,2.155728620462826,4.711352760649759,BACKTEST_INIT
823121,Seattle Mariners,Los Angeles Angels,0.49547920433996384,0.5045207956600362,0.009041591320072317,1.7959021257333103,4.302155154789346,BACKTEST_INIT
823122,Seattle Mariners,Los Angeles Angels,0.5635593220338984,0.43644067796610164,0.12711864406779672,4.426965831014992,3.1289814716793787,BACKTEST_INIT
823123,Seattle Mariners,Boston Red Sox,0.5051759834368531,0.4948240165631469,0.010351966873706209,2.1379290794363897,4.812261434524739,BACKTEST_INIT
823124,Seattle Mariners,Boston Red Sox,0.565217391304348,0.434782608695652,0.130434782608696,3.1360849111001747,2.233323037195136,BACKTEST_INIT
823125,Seattle Mariners,Baltimore Orioles,0.5059523809523809,0.49404761904761907,0.011904761904761862,2.8292780920397336,3.573110098379604,BACKTEST_INIT
823126,Seattle Mariners,Boston Red Sox,0.5051759834368531,0.4948240165631469,0.010351966873706209,2.711523879077012,4.658726449625799,BACKTEST_INIT
823127,Seattle Mariners,Baltimore Orioles,0.5707964601769913,0.42920353982300874,0.14159292035398252,2.8171640393326776,2.146199785724302,BACKTEST_INIT
823128,Seattle Mariners,Baltimore Orioles,0.5069860279441117,0.49301397205588826,0.013972055888223478,2.7767176081206273,5.177723890841817,BACKTEST_INIT
823129,Seattle Mariners,New York Mets,0.582010582010582,0.417989417989418,0.16402116402116396,3.7920264239707526,2.9441404558189563,BACKTEST_INIT
823130,Seattle Mariners,New York Mets,0.581151832460733,0.418848167539267,0.16230366492146597,6.4867942645879975,2.992354574963592,BACKTEST_INIT
823131,Seattle Mariners,New York Mets,0.5789473684210527,0.42105263157894735,0.1578947368421053,4.086373655686015,3.382103419716074,BACKTEST_INIT
823132,Seattle Mariners,Arizona Diamondbacks,0.48223350253807107,0.5177664974619289,0.035532994923857864,4.828713833970047,4.905273212417497,BACKTEST_INIT
823133,Seattle Mariners,Arizona Diamondbacks,0.5828877005347592,0.41711229946524075,0.1657754010695185,4.793079669003019,2.2722596163932174,BACKTEST_INIT
823134,Seattle Mariners,Chicago White Sox,0.5765306122448979,0.4234693877551021,0.15306122448979576,2.201596134300818,1.3194351081971383,BACKTEST_INIT
823135,Seattle Mariners,Arizona Diamondbacks,0.4753246753246753,0.5246753246753246,0.04935064935064931,3.0382178920506404,4.170291272911414,BACKTEST_INIT
823136,Seattle Mariners,Chicago White Sox,0.6666666666666666,0.33333333333333337,0.33333333333333326,5.427857192776981,1.1574079472322403,BACKTEST_INIT
823137,Seattle Mariners,Chicago White Sox,0.5081967213114753,0.4918032786885247,0.016393442622950616,4.922174463183499,8.195454485254421,BACKTEST_INIT
823138,Seattle Mariners,San Diego Padres,0.5115511551155115,0.4884488448844885,0.02310231023102305,2.3136669738536955,5.853671680046603,BACKTEST_INIT
823139,Seattle Mariners,San Diego Padres,0.5083056478405316,0.49169435215946844,0.01661129568106312,1.4273151289397306,2.7968610844758715,BACKTEST_INIT
823140,Seattle Mariners,San Diego Padres,0.5823529411764706,0.41764705882352937,0.16470588235294126,5.650443213367703,3.1953047326594026,BACKTEST_INIT
823141,Seattle Mariners,Atlanta Braves,0.4857142857142857,0.5142857142857142,0.028571428571428525,3.044501080317948,3.823716960657107,BACKTEST_INIT
823142,Seattle Mariners,Atlanta Braves,0.4811715481171548,0.5188284518828452,0.03765690376569042,3.5519624342921823,4.333473059591387,BACKTEST_INIT
823143,Seattle Mariners,Atlanta Braves,0.4827586206896552,0.5172413793103448,0.03448275862068956,2.272371674661503,4.39685258818223,BACKTEST_INIT
823144,Seattle Mariners,Kansas City Royals,0.48847926267281105,0.511520737327189,0.02304147465437789,5.399872021284301,5.7695952944557,BACKTEST_INIT
823145,Seattle Mariners,Kansas City Royals,0.48,0.52,0.040000000000000036,3.109767638969724,3.894939245670713,BACKTEST_INIT
823146,Seattle Mariners,Kansas City Royals,0.5776892430278885,0.4223107569721115,0.15537848605577698,4.65835051149574,3.430071553072553,BACKTEST_INIT
823147,Seattle Mariners,Athletics,0.46258503401360546,0.5374149659863945,0.07482993197278903,3.089257357684593,4.862413746758596,BACKTEST_INIT
823148,Seattle Mariners,Athletics,0.4666666666666667,0.5333333333333333,0.06666666666666665,4.606229773941991,4.943557944912463,BACKTEST_INIT
823149,Seattle Mariners,Athletics,0.6276243093922652,0.3723756906077348,0.2552486187845304,7.696745645649523,3.03554303321227,BACKTEST_INIT
823150,Seattle Mariners,Texas Rangers,0.6079545454545454,0.3920454545454546,0.21590909090909083,5.918932089698569,4.110819927837577,BACKTEST_INIT
823151,Seattle Mariners,Texas Rangers,0.25,0.75,0.5,1.6771860487687165,5.42583226426516,BACKTEST_INIT
823152,Seattle Mariners,Texas Rangers,0.4950495049504951,0.504950495049505,0.009900990099009854,4.755742893754768,5.448621671442538,BACKTEST_INIT
823153,Seattle Mariners,Houston Astros,0.6434032983508247,0.35659670164917534,0.2868065967016493,6.423623957291796,2.0130213110686785,BACKTEST_INIT
823154,Seattle Mariners,Houston Astros,0.6106870229007634,0.3893129770992366,0.22137404580152675,7.468958925266489,6.1205825229876005,BACKTEST_INIT
823155,Seattle Mariners,Houston Astros,0.6097560975609756,0.3902439024390244,0.2195121951219512,7.136312518751922,5.28605356284841,BACKTEST_INIT
823156,Seattle Mariners,Houston Astros,0.6101694915254238,0.38983050847457623,0.22033898305084754,4.379154240970133,4.205613975540517,BACKTEST_INIT
823157,Seattle Mariners,New York Yankees,0.5263157894736842,0.4736842105263158,0.05263157894736836,2.1636323185564548,3.5125040068350004,BACKTEST_INIT
823158,Seattle Mariners,New York Yankees,0.6486486486486487,0.3513513513513513,0.29729729729729737,2.691591324215863,2.2057451825054066,BACKTEST_INIT
823159,Seattle Mariners,New York Yankees,0.50614,0.49386,0.012280000000000013,2.5673064361941194,2.418654514880363,BACKTEST_INIT
823160,Seattle Mariners,Cleveland Guardians,0.48898,0.51102,0.022040000000000004,4.219553149517732,4.282236832410225,BACKTEST_INIT
823161,Seattle Mariners,Cleveland Guardians,0.75554,0.24446,0.51108,4.272901008730775,2.328517757180274,BACKTEST_INIT
823162,Seattle Mariners,Cleveland Guardians,0.36088,0.63912,0.27824000000000004,3.8463356390052135,5.024198828287481,BACKTEST_INIT
823163,Seattle Mariners,Cleveland Guardians,0.48106,0.51894,0.03787999999999997,3.6896031275582297,3.7943282553799866,BACKTEST_INIT
823174,San Francisco Giants,St. Louis Cardinals,0.5058479532163742,0.4941520467836258,0.011695906432748426,3.958501189635244,4.832547756617005,BACKTEST_INIT
823175,San Francisco Giants,St. Louis Cardinals,0.5058479532163742,0.4941520467836258,0.011695906432748426,2.8403837790904816,5.572562981238135,BACKTEST_INIT
823176,San Francisco Giants,Arizona Diamondbacks,0.5059171597633136,0.49408284023668636,0.01183431952662728,5.122344995999625,8.831758123428875,BACKTEST_INIT
823177,San Francisco Giants,Arizona Diamondbacks,0.5059171597633136,0.49408284023668636,0.01183431952662728,5.0862324637778284,8.769494228658703,BACKTEST_INIT
823178,San Francisco Giants,Arizona Diamondbacks,0.5421472937000887,0.45785270629991126,0.08429458740017748,4.790515865147189,2.4080358590075375,BACKTEST_INIT
823179,San Francisco Giants,Arizona Diamondbacks,0.5073349633251835,0.49266503667481654,0.014669926650366927,2.7894014513799323,5.025329040279354,BACKTEST_INIT
823180,San Francisco Giants,Cincinnati Reds,0.5415162454873647,0.45848375451263534,0.08303249097472931,3.657632513130749,1.5857356283176158,BACKTEST_INIT
823181,San Francisco Giants,Cincinnati Reds,0.5424657534246575,0.4575342465753425,0.08493150684931505,4.11151930914665,1.64505231587165,BACKTEST_INIT
823182,San Francisco Giants,Colorado Rockies,0.5908045977011491,0.4091954022988509,0.18160919540229825,6.584136576852373,2.33218665297992,BACKTEST_INIT
823183,San Francisco Giants,Cincinnati Reds,0.544883303411131,0.455116696588869,0.08976660682226201,3.413668030330534,1.895824474225284,BACKTEST_INIT
823184,San Francisco Giants,Colorado Rockies,0.5080745341614907,0.49192546583850927,0.016149068322981464,1.846053320680987,3.7420094641299597,BACKTEST_INIT
823185,San Francisco Giants,Colorado Rockies,0.5064629847238542,0.4935370152761458,0.012925969447708408,1.8320724665772263,2.4054095393696557,BACKTEST_INIT
823186,San Francisco Giants,Houston Astros,0.5053763440860215,0.4946236559139785,0.010752688172043001,3.4817427689121243,5.0976925249947165,BACKTEST_INIT
823187,San Francisco Giants,Houston Astros,0.5402298850574713,0.45977011494252873,0.08045977011494254,3.6483216702591705,2.1454983432271897,BACKTEST_INIT
823188,San Francisco Giants,Detroit Tigers,0.5461254612546126,0.4538745387453874,0.09225092250922518,3.1505589100737943,1.7088525970488115,BACKTEST_INIT
823189,San Francisco Giants,Houston Astros,0.5066344993968637,0.49336550060313633,0.013268998793727338,3.7313350721111167,4.089950998252216,BACKTEST_INIT
823190,San Francisco Giants,Detroit Tigers,0.25,0.75,0.5,1.676437468382104,8.35992631615205,BACKTEST_INIT
823191,San Francisco Giants,Detroit Tigers,0.25,0.75,0.5,1.3305734170092534,8.251556744875481,BACKTEST_INIT
823192,San Francisco Giants,Milwaukee Brewers,0.25,0.75,0.5,2.822290770790967,8.871280283617208,BACKTEST_INIT
823193,San Francisco Giants,Milwaukee Brewers,0.5437262357414449,0.45627376425855515,0.0874524714828897,3.2131899280506833,1.2315105105721975,BACKTEST_INIT
823194,San Francisco Giants,Los Angeles Angels,0.5784462940943321,0.4215537059056679,0.15689258818866425,8.414158209045056,3.1850515353100604,BACKTEST_INIT
823195,San Francisco Giants,Milwaukee Brewers,0.505464480874317,0.49453551912568305,0.010928961748633892,3.124580961062851,6.526917426448019,BACKTEST_INIT
823196,San Francisco Giants,Los Angeles Angels,0.5028169014084508,0.4971830985915492,0.005633802816901623,1.31608275833501,2.1507137652764925,BACKTEST_INIT
823197,San Francisco Giants,Los Angeles Angels,0.5461538461538461,0.4538461538461539,0.0923076923076922,6.131807604024365,4.619356984467897,BACKTEST_INIT
823198,San Francisco Giants,Colorado Rockies,0.495253164556962,0.504746835443038,0.009493670886076,2.1061996510386196,3.0770722263224495,BACKTEST_INIT
823199,San Francisco Giants,Colorado Rockies,0.5348399246704332,0.4651600753295668,0.06967984934086635,2.9232361058415997,2.7679392513246657,BACKTEST_INIT
823200,San Francisco Giants,Colorado Rockies,0.6666666666666666,0.33333333333333337,0.33333333333333326,8.835407516609148,2.6254400351460623,BACKTEST_INIT
823201,San Francisco Giants,Colorado Rockies,0.25,0.75,0.5,2.3652607022540835,6.577018009124701,BACKTEST_INIT
823202,San Francisco Giants,Toronto Blue Jays,0.25,0.75,0.5,2.7593310231732326,8.497343831681563,BACKTEST_INIT
823203,San Francisco Giants,Toronto Blue Jays,0.6666666666666666,0.33333333333333337,0.33333333333333326,8.63704248225391,2.3548868449002796,BACKTEST_INIT
823204,San Francisco Giants,Atlanta Braves,0.5635593220338984,0.43644067796610164,0.12711864406779672,3.6670301152106815,2.154333925537432,BACKTEST_INIT
823205,San Francisco Giants,Toronto Blue Jays,0.5619834710743802,0.4380165289256198,0.12396694214876036,5.696320658372631,4.286464747260034,BACKTEST_INIT
823206,San Francisco Giants,Atlanta Braves,0.49906542056074765,0.5009345794392523,0.0018691588785046953,4.182938618675589,4.66532181049019,BACKTEST_INIT
823207,San Francisco Giants,Atlanta Braves,0.4972170686456401,0.5027829313543599,0.005565862708719838,2.474254770857706,3.8698438395750694,BACKTEST_INIT
823208,San Francisco Giants,Athletics,0.5622317596566524,0.4377682403433476,0.1244635193133048,3.1735821984342296,2.4172966526094926,BACKTEST_INIT
823209,San Francisco Giants,Athletics,0.5622317596566524,0.4377682403433476,0.1244635193133048,3.070602483641383,2.2786123985135363,BACKTEST_INIT
823210,San Francisco Giants,Athletics,0.5622317596566524,0.4377682403433476,0.1244635193133048,3.1883127413230214,2.6106953124862144,BACKTEST_INIT
823211,San Francisco Giants,Chicago Cubs,0.4999999999999999,0.5000000000000001,2.220446049250313e-16,4.517064270162098,7.364349570594867,BACKTEST_INIT
823212,San Francisco Giants,Chicago Cubs,0.5040650406504066,0.4959349593495934,0.008130081300813163,2.4035751538689043,5.73156363074473,BACKTEST_INIT
823213,San Francisco Giants,Chicago Cubs,0.5030800821355236,0.4969199178644764,0.006160164271047153,2.597471792279521,5.579428238643286,BACKTEST_INIT
823214,San Francisco Giants,Washington Nationals,0.49671772428884037,0.5032822757111597,0.00656455142231932,2.655674882217594,3.1703205508917547,BACKTEST_INIT
823215,San Francisco Giants,Washington Nationals,0.49999999999999994,0.5,5.551115123125783e-17,2.6946593378691546,4.855215044834145,BACKTEST_INIT
823216,San Francisco Giants,Arizona Diamondbacks,0.4808743169398907,0.5191256830601093,0.03825136612021862,2.947690770131214,5.81018931847075,BACKTEST_INIT
823217,San Francisco Giants,Arizona Diamondbacks,0.47593582887700536,0.5240641711229946,0.048128342245989275,4.023357557063767,6.23531436548746,BACKTEST_INIT
823218,San Francisco Giants,Washington Nationals,0.5,0.5,0.0,2.534642881173892,2.687385523616472,BACKTEST_INIT
823219,San Francisco Giants,Arizona Diamondbacks,0.48467966573816157,0.5153203342618384,0.03064066852367686,3.6941560682320675,5.746228724021377,BACKTEST_INIT
823220,San Francisco Giants,Chicago White Sox,0.6666666666666666,0.33333333333333337,0.33333333333333326,9.045661142376467,2.4077759567757804,BACKTEST_INIT
823221,San Francisco Giants,Pittsburgh Pirates,0.25,0.75,0.5,3.104022689387397,9.229860358398096,BACKTEST_INIT
823222,San Francisco Giants,Chicago White Sox,0.25,0.75,0.5,3.650347692821992,8.788391076400151,BACKTEST_INIT
823223,San Francisco Giants,Chicago White Sox,0.4894894894894894,0.5105105105105106,0.021021021021021158,3.391168280560077,3.3895489461483006,BACKTEST_INIT
823224,San Francisco Giants,Pittsburgh Pirates,0.5737704918032787,0.42622950819672134,0.14754098360655732,3.2242987779791754,2.7432763225049577,BACKTEST_INIT
823225,San Francisco Giants,Pittsburgh Pirates,0.48828125000000006,0.51171875,0.023437499999999944,1.2597692317677505,2.997583628161638,BACKTEST_INIT
823226,San Francisco Giants,San Diego Padres,0.4857142857142857,0.5142857142857142,0.028571428571428525,4.032671495873726,8.674984223693794,BACKTEST_INIT
823227,San Francisco Giants,San Diego Padres,0.5842293906810035,0.41577060931899645,0.1684587813620071,3.252671221492172,3.1900168473909174,BACKTEST_INIT
823228,San Francisco Giants,San Diego Padres,0.4827586206896552,0.5172413793103448,0.03448275862068956,3.2679621016581297,4.1628948182362775,BACKTEST_INIT
823229,San Francisco Giants,Miami Marlins,0.25,0.75,0.5,2.463105399168927,9.11677433226133,BACKTEST_INIT
823230,San Francisco Giants,Miami Marlins,0.6152724086387299,0.3847275913612701,0.2305448172774598,4.733106937896346,1.1934587993210686,BACKTEST_INIT
823231,San Francisco Giants,Los Angeles Dodgers,0.46258503401360546,0.5374149659863945,0.07482993197278903,2.1055167005111204,2.889140818200567,BACKTEST_INIT
823232,San Francisco Giants,Miami Marlins,0.484472049689441,0.515527950310559,0.03105590062111796,1.6108434426861806,2.1412282284729214,BACKTEST_INIT
823233,San Francisco Giants,Los Angeles Dodgers,0.5911330049261084,0.40886699507389157,0.18226600985221686,2.311862210095473,2.358916811324531,BACKTEST_INIT
823234,San Francisco Giants,Philadelphia Phillies,0.5982905982905983,0.4017094017094017,0.19658119658119655,4.86289584383345,2.1268822549722346,BACKTEST_INIT
823235,San Francisco Giants,Philadelphia Phillies,0.4444444444444444,0.5555555555555556,0.11111111111111116,2.722526337012317,4.76775211223356,BACKTEST_INIT
823236,San Francisco Giants,Los Angeles Dodgers,0.4666666666666667,0.5333333333333333,0.06666666666666665,1.8490326630678053,4.212226725999166,BACKTEST_INIT
823237,San Francisco Giants,Philadelphia Phillies,0.43333333333333335,0.5666666666666667,0.1333333333333333,2.006559184263946,2.503416529922886,BACKTEST_INIT
823238,San Francisco Giants,New York Mets,0.25,0.75,0.5,1.5571546509810579,8.599511860947661,BACKTEST_INIT
823239,San Francisco Giants,New York Mets,0.5217391304347826,0.4782608695652174,0.04347826086956519,4.173750624078394,8.674984223693794,BACKTEST_INIT
823240,San Francisco Giants,New York Mets,0.6363636363636364,0.36363636363636365,0.2727272727272727,5.936048253913319,2.51388198000673,BACKTEST_INIT
823241,San Francisco Giants,New York Yankees,0.134,0.866,0.732,1.2522874776428627,3.8255112603204644,BACKTEST_INIT
823242,San Francisco Giants,New York Mets,0.5238095238095238,0.47619047619047616,0.04761904761904767,1.3751522601749655,2.6765574049727547,BACKTEST_INIT
823243,San Francisco Giants,New York Yankees,0.0686,0.9314,0.8628,1.7596024871610187,6.14607067734684,BACKTEST_INIT
823244,San Francisco Giants,New York Yankees,0.43414,0.56586,0.13172,3.700190051875812,4.119410625134275,BACKTEST_INIT
823250,San Diego Padres,Washington Nationals,0.5411471321695761,0.4588528678304239,0.08229426433915221,3.641190178473871,2.790665867275005,BACKTEST_INIT
823253,San Diego Padres,New York Yankees,0.5050167224080266,0.49498327759197336,0.010033444816053283,2.582423905401849,3.9273090636005783,BACKTEST_INIT
823254,San Diego Padres,Washington Nationals,0.5396825396825398,0.46031746031746024,0.07936507936507953,6.459501774343854,3.4100273756026427,BACKTEST_INIT
823255,San Diego Padres,Pittsburgh Pirates,0.5415162454873647,0.45848375451263534,0.08303249097472931,2.0744051195621664,1.8964639965992132,BACKTEST_INIT
823256,San Diego Padres,New York Yankees,0.506145251396648,0.493854748603352,0.012290502793296021,4.357582158978669,6.818148068356075,BACKTEST_INIT
823257,San Diego Padres,New York Yankees,0.5417017691659646,0.4582982308340354,0.08340353833192915,3.7651874674182295,2.540242340321569,BACKTEST_INIT
823258,San Diego Padres,Minnesota Twins,0.5440222428174233,0.4559777571825767,0.08804448563484657,6.0153664794282005,3.6671535627714755,BACKTEST_INIT
823259,San Diego Padres,Pittsburgh Pirates,0.5424657534246575,0.4575342465753425,0.08493150684931505,3.15416198428247,2.2009516801093367,BACKTEST_INIT
823260,San Diego Padres,Pittsburgh Pirates,0.544883303411131,0.455116696588869,0.08976660682226201,4.058582194584208,1.8169928482375042,BACKTEST_INIT
823261,San Diego Padres,Minnesota Twins,0.5427230046948357,0.4572769953051643,0.0854460093896714,5.144054366406749,2.5436823864919114,BACKTEST_INIT
823262,San Diego Padres,Minnesota Twins,0.5384615384615384,0.46153846153846156,0.07692307692307687,4.272027544198687,2.7672751233446014,BACKTEST_INIT
823263,San Diego Padres,Milwaukee Brewers,0.6666666666666666,0.33333333333333337,0.33333333333333326,8.405644400770395,1.9558617605600048,BACKTEST_INIT
823264,San Diego Padres,Milwaukee Brewers,0.5421245421245421,0.4578754578754579,0.08424908424908417,4.010398887760548,1.9243656036602195,BACKTEST_INIT
823265,San Diego Padres,Milwaukee Brewers,0.5421245421245421,0.4578754578754579,0.08424908424908417,4.497677057978992,1.8283573074064552,BACKTEST_INIT
823266,San Diego Padres,Houston Astros,0.5461254612546126,0.4538745387453874,0.09225092250922518,4.264474225032121,2.8222568413215288,BACKTEST_INIT
823267,San Diego Padres,Houston Astros,0.5048899755501222,0.49511002444987784,0.009779951100244322,3.7319773365332365,4.8641761270474495,BACKTEST_INIT
823268,San Diego Padres,Houston Astros,0.5351089588377724,0.46489104116222757,0.07021791767554486,3.518556209726408,3.0696664024584406,BACKTEST_INIT
823269,San Diego Padres,San Francisco Giants,0.5491771849924095,0.45082281500759047,0.09835436998481906,6.202697015326107,2.1994404455229275,BACKTEST_INIT
823270,San Diego Padres,San Francisco Giants,0.5451127819548872,0.4548872180451128,0.09022556390977443,6.148401576450255,3.6601078004421947,BACKTEST_INIT
823271,San Diego Padres,San Francisco Giants,0.5033112582781457,0.4966887417218543,0.0066225165562914245,1.8909521472655693,4.829771519201586,BACKTEST_INIT
823272,San Diego Padres,San Francisco Giants,0.5039473684210526,0.4960526315789474,0.007894736842105177,1.6834260225192081,4.510281405436066,BACKTEST_INIT
823273,San Diego Padres,Colorado Rockies,0.5454545454545454,0.4545454545454546,0.09090909090909083,8.642181805643675,6.352433223285145,BACKTEST_INIT
823274,San Diego Padres,Toronto Blue Jays,0.5542168674698795,0.4457831325301205,0.10843373493975905,8.208434295193149,5.567061561882884,BACKTEST_INIT
823275,San Diego Padres,Colorado Rockies,0.6666666666666666,0.33333333333333337,0.33333333333333326,8.921351374272996,3.0714833106376056,BACKTEST_INIT
823276,San Diego Padres,Toronto Blue Jays,0.495253164556962,0.504746835443038,0.009493670886076,1.7480741018752668,4.461105323654648,BACKTEST_INIT
823277,San Diego Padres,Arizona Diamondbacks,0.6666666666666666,0.33333333333333337,0.33333333333333326,8.81305631104754,2.2287827118460894,BACKTEST_INIT
823278,San Diego Padres,Toronto Blue Jays,0.49522292993630573,0.5047770700636942,0.009554140127388477,1.3209207456133003,4.416302713345152,BACKTEST_INIT
823279,San Diego Padres,Arizona Diamondbacks,0.5573770491803278,0.4426229508196722,0.11475409836065564,2.559884591166809,1.112580300630234,BACKTEST_INIT
823280,San Diego Padres,Arizona Diamondbacks,0.25,0.75,0.5,1.6700676330572488,8.076301664688865,BACKTEST_INIT
823281,San Diego Padres,Los Angeles Dodgers,0.25,0.75,0.5,4.06645250583777,9.754427552049517,BACKTEST_INIT
823282,San Diego Padres,Arizona Diamondbacks,0.5619834710743802,0.4380165289256198,0.12396694214876036,3.375015485606701,2.0659851431699536,BACKTEST_INIT
823283,San Diego Padres,Los Angeles Dodgers,0.5641025641025641,0.4358974358974359,0.1282051282051282,5.984917604268361,2.1178431099680135,BACKTEST_INIT
823284,San Diego Padres,Atlanta Braves,0.5622317596566524,0.4377682403433476,0.1244635193133048,5.49735735321908,4.6216687992929195,BACKTEST_INIT
823285,San Diego Padres,Los Angeles Dodgers,0.5641025641025641,0.4358974358974359,0.1282051282051282,4.027664787609149,2.2538985996193457,BACKTEST_INIT
823286,San Diego Padres,Atlanta Braves,0.5622317596566524,0.4377682403433476,0.1244635193133048,2.432497114114075,1.5985544030903776,BACKTEST_INIT
823287,San Diego Padres,Cincinnati Reds,0.5196078431372549,0.48039215686274506,0.03921568627450989,4.004404165338244,3.9945470522574897,BACKTEST_INIT
823288,San Diego Padres,Atlanta Braves,0.5622317596566524,0.4377682403433476,0.1244635193133048,4.145563965486092,2.7990923220247286,BACKTEST_INIT
823289,San Diego Padres,Cincinnati Reds,0.5,0.5,0.0,3.411776020872617,3.9046892657951564,BACKTEST_INIT
823290,San Diego Padres,Cincinnati Reds,0.5694444444444445,0.43055555555555547,0.13888888888888906,4.929409841472146,3.0791972341692917,BACKTEST_INIT
823291,San Diego Padres,New York Mets,0.49774774774774777,0.5022522522522522,0.0045045045045044585,1.6898996376627626,2.999591511252139,BACKTEST_INIT
823292,San Diego Padres,New York Mets,0.25,0.75,0.5,1.2165112336559187,5.827737811957193,BACKTEST_INIT
823293,San Diego Padres,New York Mets,0.25,0.75,0.5,1.3615132691286866,6.638394737580686,BACKTEST_INIT
823294,San Diego Padres,Philadelphia Phillies,0.4808743169398907,0.5191256830601093,0.03825136612021862,1.4751566874614053,2.34347354137845,BACKTEST_INIT
823295,San Diego Padres,Philadelphia Phillies,0.47593582887700536,0.5240641711229946,0.048128342245989275,1.8900947244175785,2.937631611496614,BACKTEST_INIT
823296,San Diego Padres,Philadelphia Phillies,0.5333333333333333,0.4666666666666667,0.06666666666666665,2.1942926074658295,2.07579402512242,BACKTEST_INIT
823297,San Diego Padres,Athletics,0.5765306122448979,0.4234693877551021,0.15306122448979576,2.7062180511606844,1.620508632319521,BACKTEST_INIT
823298,San Diego Padres,Athletics,0.5765306122448979,0.4234693877551021,0.15306122448979576,6.022938262874752,2.9063528469832205,BACKTEST_INIT
823299,San Diego Padres,Los Angeles Dodgers,0.504823151125402,0.495176848874598,0.009646302250803984,3.11554235545094,3.721680826782045,BACKTEST_INIT
823300,San Diego Padres,Athletics,0.5765306122448979,0.4234693877551021,0.15306122448979576,6.390795862744257,2.8850966138744156,BACKTEST_INIT
823301,San Diego Padres,Los Angeles Dodgers,0.5081967213114753,0.4918032786885247,0.016393442622950616,2.865770111673263,4.851156812462671,BACKTEST_INIT
823302,San Diego Padres,Los Angeles Dodgers,0.5458937198067633,0.45410628019323673,0.09178743961352653,2.6155769808382288,2.2870077759299616,BACKTEST_INIT
823303,San Diego Padres,St. Louis Cardinals,0.48828125000000006,0.51171875,0.023437499999999944,2.375082142867668,3.105747677890864,BACKTEST_INIT
823304,San Diego Padres,St. Louis Cardinals,0.25,0.75,0.5,1.5036962579432256,4.78061198197619,BACKTEST_INIT
823305,San Diego Padres,St. Louis Cardinals,0.4927007299270073,0.5072992700729927,0.014598540145985384,2.4488479517766066,3.192055688245835,BACKTEST_INIT
823306,San Diego Padres,St. Louis Cardinals,0.5743243243243243,0.42567567567567566,0.14864864864864868,4.79328993896638,3.814835176791443,BACKTEST_INIT
823307,San Diego Padres,Chicago White Sox,0.48,0.52,0.040000000000000036,1.8386794182029886,4.887472252359022,BACKTEST_INIT
823308,San Diego Padres,Chicago White Sox,0.25,0.75,0.5,2.422819134813731,6.487856044164318,BACKTEST_INIT
823309,San Diego Padres,Chicago White Sox,0.49047619047619045,0.5095238095238095,0.019047619047619035,2.5583899689565643,4.377002611108857,BACKTEST_INIT
823310,San Diego Padres,Chicago Cubs,0.5854700854700854,0.4145299145299146,0.17094017094017078,7.771781642786438,5.821905376734219,BACKTEST_INIT
823311,San Diego Padres,Chicago Cubs,0.5826086956521739,0.4173913043478261,0.16521739130434776,6.29006595724575,4.614505591538408,BACKTEST_INIT
823312,San Diego Padres,Chicago Cubs,0.4898989898989899,0.5101010101010102,0.020202020202020277,3.0983376469133743,6.445143641793326,BACKTEST_INIT
823313,San Diego Padres,Seattle Mariners,0.620253164556962,0.379746835443038,0.240506329113924,5.949410265917301,4.670441433344147,BACKTEST_INIT
823314,San Diego Padres,Seattle Mariners,0.609271523178808,0.39072847682119205,0.2185430463576159,4.697971383862222,2.218432231620371,BACKTEST_INIT
823315,San Diego Padres,Seattle Mariners,0.6153846153846154,0.3846153846153846,0.23076923076923084,5.283977551181142,2.9926424741592865,BACKTEST_INIT
823316,San Diego Padres,Colorado Rockies,0.6097560975609756,0.3902439024390244,0.2195121951219512,5.275860531442041,2.9695947993062206,BACKTEST_INIT
823317,San Diego Padres,Colorado Rockies,0.6106870229007634,0.3893129770992366,0.22137404580152675,7.493513034968588,3.9301154729564884,BACKTEST_INIT
823318,San Diego Padres,Colorado Rockies,0.6101694915254238,0.38983050847457623,0.22033898305084754,5.4454603015678025,3.6895298100895895,BACKTEST_INIT
823319,San Diego Padres,Colorado Rockies,0.45454545454545453,0.5454545454545454,0.09090909090909088,3.589761286885572,4.165005021716524,BACKTEST_INIT
823320,San Diego Padres,San Francisco Giants,0.81026,0.18974,0.62052,3.1488259872645328,1.2263374260055515,BACKTEST_INIT
823321,San Diego Padres,San Francisco Giants,0.25,0.75,0.5,2.909823477353561,8.884652619817205,BACKTEST_INIT
823322,San Diego Padres,San Francisco Giants,0.6486486486486487,0.3513513513513513,0.29729729729729737,2.8302660937864657,1.7424423090842458,BACKTEST_INIT
823323,San Diego Padres,Detroit Tigers,0.17256,0.82744,0.6548799999999999,2.7305725698447243,5.745356940856754,BACKTEST_INIT
823324,San Diego Padres,Detroit Tigers,0.11228,0.88772,0.7754399999999999,3.076123360150104,7.427819401750645,BACKTEST_INIT
823325,San Diego Padres,Detroit Tigers,0.48038,0.51962,0.03924,3.80482539160872,3.9719161993768926,BACKTEST_INIT
823335,Pittsburgh Pirates,Los Angeles Angels,0.5417017691659646,0.4582982308340354,0.08340353833192915,2.5246383183902585,1.8222235578061508,BACKTEST_INIT
823336,Pittsburgh Pirates,Los Angeles Angels,0.5050167224080266,0.49498327759197336,0.010033444816053283,1.9508024491926559,4.451571579701121,BACKTEST_INIT
823337,Pittsburgh Pirates,San Francisco Giants,0.5045045045045045,0.49549549549549554,0.009009009009008917,2.4090748416775547,4.442072315194254,BACKTEST_INIT
823338,Pittsburgh Pirates,Los Angeles Angels,0.5419847328244275,0.4580152671755725,0.08396946564885499,4.116539480531372,3.135364621390516,BACKTEST_INIT
823339,Pittsburgh Pirates,San Francisco Giants,0.5439795046968403,0.4560204953031597,0.08795900939368062,10.157276124012688,9.715884336525944,BACKTEST_INIT
823340,Pittsburgh Pirates,San Francisco Giants,0.5045766590389016,0.4954233409610984,0.009153318077803174,2.4838417529267103,4.084833296877147,BACKTEST_INIT
823341,Pittsburgh Pirates,Detroit Tigers,0.5073891625615764,0.4926108374384236,0.014778325123152802,6.1599497838916175,8.878361570461191,BACKTEST_INIT
823342,Pittsburgh Pirates,Detroit Tigers,0.5703801945181255,0.4296198054818745,0.140760389036251,4.797207433066314,1.2320546293354826,BACKTEST_INIT
823343,Pittsburgh Pirates,Detroit Tigers,0.6666666666666666,0.33333333333333337,0.33333333333333326,6.889958358746419,1.9531416204543637,BACKTEST_INIT
823344,Pittsburgh Pirates,Boston Red Sox,0.5074441687344913,0.4925558312655087,0.014888337468982549,1.668102625015242,3.4526000121857514,BACKTEST_INIT
823345,Pittsburgh Pirates,New York Mets,0.6666666666666666,0.33333333333333337,0.33333333333333326,9.693248301619272,1.2097722380089184,BACKTEST_INIT
823346,Pittsburgh Pirates,Boston Red Sox,0.5405960945529291,0.4594039054470709,0.08119218910585824,4.188615998465101,2.4312861189451307,BACKTEST_INIT
823347,Pittsburgh Pirates,Boston Red Sox,0.539795918367347,0.46020408163265303,0.07959183673469394,6.224261397221816,2.9902235134134294,BACKTEST_INIT
823348,Pittsburgh Pirates,New York Mets,0.5048899755501222,0.49511002444987784,0.009779951100244322,2.805660752109679,6.312070654354029,BACKTEST_INIT
823349,Pittsburgh Pirates,New York Mets,0.25,0.75,0.5,1.9744980683550732,9.263656262215735,BACKTEST_INIT
823350,Pittsburgh Pirates,Arizona Diamondbacks,0.5054347826086957,0.4945652173913043,0.010869565217391353,1.887820857944739,2.045958353805614,BACKTEST_INIT
823351,Pittsburgh Pirates,Arizona Diamondbacks,0.5040214477211796,0.4959785522788204,0.008042895442359255,6.840521710800916,8.193887675628087,BACKTEST_INIT
823352,Pittsburgh Pirates,Chicago Cubs,0.5461538461538461,0.4538461538461539,0.0923076923076922,4.012848736156139,1.7607764393683585,BACKTEST_INIT
823353,Pittsburgh Pirates,Arizona Diamondbacks,0.5458015267175572,0.4541984732824428,0.09160305343511443,9.039016217059885,7.195285013814409,BACKTEST_INIT
823354,Pittsburgh Pirates,Chicago Cubs,0.25,0.75,0.5,1.693594790418032,10.983508234145297,BACKTEST_INIT
823355,Pittsburgh Pirates,Chicago Cubs,0.5461538461538461,0.4538461538461539,0.0923076923076922,2.9170519153440013,2.048611206971816,BACKTEST_INIT
823356,Pittsburgh Pirates,Milwaukee Brewers,0.5319148936170214,0.4680851063829786,0.06382978723404276,1.6206759777136077,1.3362965808279137,BACKTEST_INIT
823357,Pittsburgh Pirates,Milwaukee Brewers,0.5319148936170214,0.4680851063829786,0.06382978723404276,1.6206759777136077,1.3362965808279137,BACKTEST_INIT
823358,Pittsburgh Pirates,Milwaukee Brewers,0.5542168674698795,0.4457831325301205,0.10843373493975905,7.095240729214168,4.9491824678466125,BACKTEST_INIT
823359,Pittsburgh Pirates,Atlanta Braves,0.4943820224719101,0.5056179775280899,0.011235955056179803,1.2378152833383491,4.0279944310608204,BACKTEST_INIT
823360,Pittsburgh Pirates,Atlanta Braves,0.5573770491803278,0.4426229508196722,0.11475409836065564,8.740804363867529,4.150795632699411,BACKTEST_INIT
823361,Pittsburgh Pirates,Atlanta Braves,0.5619834710743802,0.4380165289256198,0.12396694214876036,9.129217538613762,4.793064901048941,BACKTEST_INIT
823362,Pittsburgh Pirates,Cincinnati Reds,0.4972477064220184,0.5027522935779816,0.005504587155963192,6.286183089358179,8.672094497282673,BACKTEST_INIT
823363,Pittsburgh Pirates,Cincinnati Reds,0.5641025641025641,0.4358974358974359,0.1282051282051282,4.481220239858984,3.1699712179749953,BACKTEST_INIT
823364,Pittsburgh Pirates,Cincinnati Reds,0.4972170686456401,0.5027829313543599,0.005565862708719838,4.336278642342734,4.904693493313221,BACKTEST_INIT
823365,Pittsburgh Pirates,Seattle Mariners,0.5622317596566524,0.4377682403433476,0.1244635193133048,5.284622615549069,1.8205404644945995,BACKTEST_INIT
823366,Pittsburgh Pirates,Seattle Mariners,0.6666666666666666,0.33333333333333337,0.33333333333333326,10.003327353945885,1.8901380914872157,BACKTEST_INIT
823367,Pittsburgh Pirates,Seattle Mariners,0.5622317596566524,0.4377682403433476,0.1244635193133048,2.8343568650347666,2.041563064504973,BACKTEST_INIT
823368,Pittsburgh Pirates,Miami Marlins,0.5287356321839081,0.47126436781609193,0.05747126436781613,3.0102107785816323,2.3678827298501703,BACKTEST_INIT
823369,Pittsburgh Pirates,Miami Marlins,0.5030800821355236,0.4969199178644764,0.006160164271047153,2.9750805342215054,6.868195114343214,BACKTEST_INIT
823370,Pittsburgh Pirates,Miami Marlins,0.4999999999999999,0.5000000000000001,2.220446049250313e-16,3.108164510208643,3.1820120843305846,BACKTEST_INIT
823371,Pittsburgh Pirates,Los Angeles Dodgers,0.5010570824524313,0.4989429175475687,0.0021141649048626032,7.8670701944960575,8.105069845895946,BACKTEST_INIT
823372,Pittsburgh Pirates,Los Angeles Dodgers,0.25,0.75,0.5,3.854012776713028,10.763544510226371,BACKTEST_INIT
823373,Pittsburgh Pirates,Minnesota Twins,0.5828877005347592,0.41711229946524075,0.1657754010695185,9.70326285261218,8.069474696975446,BACKTEST_INIT
823374,Pittsburgh Pirates,Los Angeles Dodgers,0.5694444444444445,0.43055555555555547,0.13888888888888906,4.896669902004329,3.8617864270259115,BACKTEST_INIT
823375,Pittsburgh Pirates,Minnesota Twins,0.5806451612903226,0.4193548387096774,0.16129032258064524,5.0524283932733995,4.016571833231105,BACKTEST_INIT
823376,Pittsburgh Pirates,Chicago Cubs,0.6666666666666666,0.33333333333333337,0.33333333333333326,9.370460420073337,1.8422381998516042,BACKTEST_INIT
823377,Pittsburgh Pirates,Minnesota Twins,0.5806451612903226,0.4193548387096774,0.16129032258064524,4.213858614378497,3.365816724557991,BACKTEST_INIT
823378,Pittsburgh Pirates,Chicago Cubs,0.25,0.75,0.5,3.412829754831376,10.532905403002225,BACKTEST_INIT
823379,Pittsburgh Pirates,Chicago Cubs,0.5062322970864999,0.49376770291350014,0.012464594172999721,2.136922692605949,2.2040963423004065,BACKTEST_INIT
823380,Pittsburgh Pirates,Chicago Cubs,0.5786802030456852,0.42131979695431476,0.15736040609137047,7.371263448736237,3.2009738151014933,BACKTEST_INIT
823381,Pittsburgh Pirates,Philadelphia Phillies,0.25,0.75,0.5,1.1947755442065773,6.504976456003712,BACKTEST_INIT
823382,Pittsburgh Pirates,Philadelphia Phillies,0.5083056478405316,0.49169435215946844,0.01661129568106312,8.245038655190852,8.90238340438258,BACKTEST_INIT
823383,Pittsburgh Pirates,Colorado Rockies,0.25,0.75,0.5,3.7625196486557613,9.587729898041701,BACKTEST_INIT
823384,Pittsburgh Pirates,Philadelphia Phillies,0.5823529411764706,0.41764705882352937,0.16470588235294126,3.1003167959184386,2.3859581917835397,BACKTEST_INIT
823385,Pittsburgh Pirates,Colorado Rockies,0.5748502994011975,0.4251497005988025,0.14970059880239495,6.637371718421018,2.829827281910723,BACKTEST_INIT
823386,Pittsburgh Pirates,Colorado Rockies,0.5773809523809523,0.42261904761904767,0.15476190476190466,3.633136803713137,2.6229393333683984,BACKTEST_INIT
823387,Pittsburgh Pirates,Cincinnati Reds,0.5789473684210525,0.42105263157894746,0.1578947368421051,9.452993968465202,5.959087963246245,BACKTEST_INIT
823388,Pittsburgh Pirates,Cincinnati Reds,0.6666666666666666,0.33333333333333337,0.33333333333333326,9.772556568246872,1.5159790183026367,BACKTEST_INIT
823389,Pittsburgh Pirates,Cincinnati Reds,0.49047619047619045,0.5095238095238095,0.019047619047619035,3.3384255155666125,7.236011264655919,BACKTEST_INIT
823390,Pittsburgh Pirates,St. Louis Cardinals,0.4787234042553192,0.5212765957446808,0.0425531914893616,2.023351311814306,2.940844715902449,BACKTEST_INIT
823391,Pittsburgh Pirates,St. Louis Cardinals,0.4878048780487805,0.5121951219512195,0.024390243902439046,4.8777861676382,5.389668210265365,BACKTEST_INIT
823392,Pittsburgh Pirates,St. Louis Cardinals,0.4898989898989899,0.5101010101010102,0.020202020202020277,6.3243338567981695,8.745241348713606,BACKTEST_INIT
823393,Pittsburgh Pirates,Tampa Bay Rays,0.475,0.525,0.050000000000000044,6.0787131638201775,8.65523757217374,BACKTEST_INIT
823394,Pittsburgh Pirates,Tampa Bay Rays,0.6574309336559789,0.34256906634402107,0.31486186731195787,5.111581390027639,1.222489780018268,BACKTEST_INIT
823395,Pittsburgh Pirates,St. Louis Cardinals,0.483695652173913,0.5163043478260869,0.03260869565217389,1.9504466627149353,2.1453494994546256,BACKTEST_INIT
823396,Pittsburgh Pirates,Washington Nationals,0.620253164556962,0.379746835443038,0.240506329113924,2.1569599134681225,1.3763194746015754,BACKTEST_INIT
823397,Pittsburgh Pirates,Tampa Bay Rays,0.4950495049504951,0.504950495049505,0.009900990099009854,5.4446632587022705,7.84537125273398,BACKTEST_INIT
823398,Pittsburgh Pirates,Washington Nationals,0.6153846153846154,0.3846153846153846,0.23076923076923084,10.371455951316564,5.588068880320554,BACKTEST_INIT
823399,Pittsburgh Pirates,Washington Nationals,0.4888888888888889,0.5111111111111111,0.0222222222222222,2.158639288777127,5.365028747590678,BACKTEST_INIT
823400,Pittsburgh Pirates,Washington Nationals,0.6159420289855072,0.3840579710144928,0.2318840579710144,8.662201287940361,6.564940744365647,BACKTEST_INIT
823401,Pittsburgh Pirates,San Diego Padres,0.6086956521739131,0.3913043478260869,0.21739130434782616,6.243853164531323,3.0786347574041852,BACKTEST_INIT
823402,Pittsburgh Pirates,San Diego Padres,0.4444444444444444,0.5555555555555556,0.11111111111111116,1.4353908996030118,3.6011886215932636,BACKTEST_INIT
823403,Pittsburgh Pirates,San Diego Padres,0.5982905982905983,0.4017094017094017,0.19658119658119655,5.860040403530799,2.460273992421259,BACKTEST_INIT
823404,Pittsburgh Pirates,Baltimore Orioles,0.6282051282051282,0.3717948717948718,0.2564102564102564,4.8081227547373775,4.668709845137005,BACKTEST_INIT
823405,Pittsburgh Pirates,Baltimore Orioles,0.6097560975609756,0.3902439024390244,0.2195121951219512,3.7198203873603264,2.97826668989697,BACKTEST_INIT
823406,Pittsburgh Pirates,Baltimore Orioles,0.5238095238095238,0.47619047619047616,0.04761904761904767,4.777918025680499,5.405576001794277,BACKTEST_INIT
823414,Philadelphia Phillies,Houston Astros,0.5411471321695761,0.4588528678304239,0.08229426433915221,2.668298073513859,2.164329277358896,BACKTEST_INIT
823415,Philadelphia Phillies,Atlanta Braves,0.5058479532163742,0.4941520467836258,0.011695906432748426,2.863679309213939,3.965913224369781,BACKTEST_INIT
823417,Philadelphia Phillies,Atlanta Braves,0.5050167224080266,0.49498327759197336,0.010033444816053283,2.308100749227178,3.054884630486531,BACKTEST_INIT
823418,Philadelphia Phillies,Atlanta Braves,0.506145251396648,0.493854748603352,0.012290502793296021,1.07927414071138,3.0762077427563543,BACKTEST_INIT
823419,Philadelphia Phillies,Atlanta Braves,0.506145251396648,0.493854748603352,0.012290502793296021,1.24950931165513,3.9137848188730433,BACKTEST_INIT
823420,Philadelphia Phillies,St. Louis Cardinals,0.5384615384615384,0.46153846153846156,0.07692307692307687,8.452389501881093,4.034985840988787,BACKTEST_INIT
823421,Philadelphia Phillies,St. Louis Cardinals,0.5870746647065713,0.4129253352934287,0.17414932941314265,9.332946445746307,3.923875743678723,BACKTEST_INIT
823422,Philadelphia Phillies,St. Louis Cardinals,0.5427230046948357,0.4572769953051643,0.0854460093896714,7.68075227531783,4.789813562629359,BACKTEST_INIT
823423,Philadelphia Phillies,Miami Marlins,0.536,0.46399999999999997,0.07200000000000006,4.748555026516163,4.276833482991593,BACKTEST_INIT
823424,Philadelphia Phillies,Miami Marlins,0.5374753451676528,0.46252465483234717,0.07495069033530566,5.32120910119479,4.197141836293945,BACKTEST_INIT
823425,Philadelphia Phillies,Toronto Blue Jays,0.5078597339782346,0.4921402660217654,0.01571946795646917,4.1961647313332024,5.722423238321605,BACKTEST_INIT
823426,Philadelphia Phillies,Toronto Blue Jays,0.5351089588377724,0.46489104116222757,0.07021791767554486,4.054493647180152,3.4807723981903003,BACKTEST_INIT
823427,Philadelphia Phillies,Miami Marlins,0.5067873303167421,0.49321266968325794,0.013574660633484115,3.400670157607477,4.18027385946475,BACKTEST_INIT
823428,Philadelphia Phillies,Toronto Blue Jays,0.5461254612546126,0.4538745387453874,0.09225092250922518,4.077734592555231,1.9748194380083826,BACKTEST_INIT
823429,Philadelphia Phillies,Washington Nationals,0.5464684014869888,0.45353159851301117,0.09293680297397766,5.342539901497745,1.7518412618363894,BACKTEST_INIT
823430,Philadelphia Phillies,Washington Nationals,0.5055762081784386,0.4944237918215614,0.011152416356877248,4.716631554593853,9.62441216740585,BACKTEST_INIT
823431,Philadelphia Phillies,Washington Nationals,0.5468164794007491,0.45318352059925093,0.09363295880149813,5.577162711917198,2.013191963684293,BACKTEST_INIT
823432,Philadelphia Phillies,Washington Nationals,0.5447761194029851,0.4552238805970149,0.08955223880597019,5.907446257142507,2.365774300471283,BACKTEST_INIT
823433,Philadelphia Phillies,New York Yankees,0.5020689655172415,0.49793103448275855,0.0041379310344829,1.4594455498905976,2.62605943826281,BACKTEST_INIT
823434,Philadelphia Phillies,New York Yankees,0.5028169014084508,0.4971830985915492,0.005633802816901623,2.578900398400489,3.7690818820174297,BACKTEST_INIT
823435,Philadelphia Phillies,New York Yankees,0.5020920502092049,0.4979079497907951,0.004184100418409775,1.6017237118008998,2.5639296809486365,BACKTEST_INIT
823436,Philadelphia Phillies,Los Angeles Dodgers,0.25,0.75,0.5,1.8938186538567088,5.524880461199861,BACKTEST_INIT
823437,Philadelphia Phillies,Los Angeles Dodgers,0.55078125,0.44921875,0.1015625,9.047668366999115,6.71404722199842,BACKTEST_INIT
823438,Philadelphia Phillies,Los Angeles Dodgers,0.5028571428571429,0.4971428571428571,0.005714285714285783,1.168492479885672,2.4993353087694885,BACKTEST_INIT
823439,Philadelphia Phillies,New York Mets,0.5573122529644269,0.4426877470355731,0.11462450592885376,4.943831090198233,2.213432476933293,BACKTEST_INIT
823440,Philadelphia Phillies,New York Mets,0.5542168674698795,0.4457831325301205,0.10843373493975905,3.4782885952750586,2.082734847318141,BACKTEST_INIT
823441,Philadelphia Phillies,New York Mets,0.4900459418070444,0.5099540581929556,0.019908116385911168,2.1471710472311996,2.6525193831719833,BACKTEST_INIT
823442,Philadelphia Phillies,Pittsburgh Pirates,0.5654008438818565,0.4345991561181435,0.13080168776371304,8.271872664956197,4.429642314513861,BACKTEST_INIT
823444,Philadelphia Phillies,Pittsburgh Pirates,0.49547920433996384,0.5045207956600362,0.009041591320072317,4.999938103767355,5.619332831237189,BACKTEST_INIT
823445,Philadelphia Phillies,Pittsburgh Pirates,0.4928825622775801,0.5071174377224199,0.014234875444839812,6.204897864136158,9.52615427637662,BACKTEST_INIT
823446,Philadelphia Phillies,Pittsburgh Pirates,0.6666666666666666,0.33333333333333337,0.33333333333333326,6.619951055291885,1.1947755442065773,BACKTEST_INIT
823447,Philadelphia Phillies,New York Mets,0.5051759834368531,0.4948240165631469,0.010351966873706209,3.2350583062070175,5.902823276200639,BACKTEST_INIT
823448,Philadelphia Phillies,New York Mets,0.25,0.75,0.5,3.253388112846424,9.139935857818156,BACKTEST_INIT
823449,Philadelphia Phillies,New York Mets,0.5622317596566524,0.4377682403433476,0.1244635193133048,8.874498100061881,4.028757141395869,BACKTEST_INIT
823450,Philadelphia Phillies,Miami Marlins,0.6666666666666666,0.33333333333333337,0.33333333333333326,7.437698111750866,1.953311022353844,BACKTEST_INIT
823451,Philadelphia Phillies,Miami Marlins,0.6036802226689345,0.3963197773310655,0.20736044533786901,6.110586423722841,1.8914915092263422,BACKTEST_INIT
823452,Philadelphia Phillies,Miami Marlins,0.5069860279441117,0.49301397205588826,0.013972055888223478,1.2609814219861717,2.8261283391058223,BACKTEST_INIT
823453,Philadelphia Phillies,Chicago White Sox,0.49774774774774777,0.5022522522522522,0.0045045045045044585,3.1692139414575564,5.848084510181441,BACKTEST_INIT
823454,Philadelphia Phillies,Chicago White Sox,0.5754716981132075,0.42452830188679247,0.15094339622641506,7.656101007054687,5.7705783983286905,BACKTEST_INIT
823455,Philadelphia Phillies,Chicago White Sox,0.4930232558139534,0.5069767441860467,0.013953488372093259,2.3500286018085856,5.439762086679208,BACKTEST_INIT
823456,Philadelphia Phillies,San Diego Padres,0.49156626506024087,0.5084337349397592,0.016867469879518315,2.972808570116352,3.227538818478505,BACKTEST_INIT
823457,Philadelphia Phillies,San Diego Padres,0.5135135135135135,0.4864864864864865,0.027027027027026973,2.996849557312669,2.8091725699261114,BACKTEST_INIT
823458,Philadelphia Phillies,Cleveland Guardians,0.48830409356725135,0.5116959064327486,0.023391812865497297,1.4659366828019083,2.383249085991256,BACKTEST_INIT
823459,Philadelphia Phillies,Cleveland Guardians,0.5482233502538071,0.4517766497461929,0.09644670050761417,1.8067103119625356,1.4667171269118444,BACKTEST_INIT
823460,Philadelphia Phillies,San Diego Padres,0.4950980392156863,0.5049019607843137,0.009803921568627416,2.875079437201993,4.56268471891728,BACKTEST_INIT
823461,Philadelphia Phillies,Cleveland Guardians,0.4894894894894894,0.5105105105105106,0.021021021021021158,2.1470418365321726,5.169688144117877,BACKTEST_INIT
823462,Philadelphia Phillies,Cincinnati Reds,0.504823151125402,0.495176848874598,0.009646302250803984,1.9060721372191773,3.4912069125324146,BACKTEST_INIT
823463,Philadelphia Phillies,Colorado Rockies,0.6589290720493409,0.3410709279506591,0.31785814409868185,8.394606671935193,2.955920861380356,BACKTEST_INIT
823464,Philadelphia Phillies,Cincinnati Reds,0.5838150289017341,0.4161849710982659,0.16763005780346818,5.875561864979385,3.241629369386378,BACKTEST_INIT
823465,Philadelphia Phillies,Cincinnati Reds,0.5956856455493184,0.40431435445068165,0.1913712910986367,7.118111783157142,2.698659025176046,BACKTEST_INIT
823466,Philadelphia Phillies,Colorado Rockies,0.25,0.75,0.5,1.7091704331074302,7.53458862574517,BACKTEST_INIT
823467,Philadelphia Phillies,Athletics,0.5743243243243243,0.42567567567567566,0.14864864864864868,5.348271893083343,2.5065086240584615,BACKTEST_INIT
823468,Philadelphia Phillies,Colorado Rockies,0.48314606741573035,0.5168539325842696,0.03370786516853924,6.604406372426809,8.017903730925564,BACKTEST_INIT
823469,Philadelphia Phillies,Athletics,0.4811715481171548,0.5188284518828452,0.03765690376569042,2.0130690337846544,3.725235188047435,BACKTEST_INIT
823470,Philadelphia Phillies,Athletics,0.6666666666666666,0.33333333333333337,0.33333333333333326,10.08632371257858,2.4994917486374604,BACKTEST_INIT
823471,Philadelphia Phillies,San Francisco Giants,0.5755102040816327,0.42448979591836733,0.15102040816326534,1.3851769823188647,1.3432641982371014,BACKTEST_INIT
823472,Philadelphia Phillies,San Francisco Giants,0.5755102040816327,0.42448979591836733,0.15102040816326534,1.3851769823188647,1.3432641982371014,BACKTEST_INIT
823473,Philadelphia Phillies,San Francisco Giants,0.4787234042553192,0.5212765957446808,0.0425531914893616,2.3905252755382267,4.935478123725899,BACKTEST_INIT
823474,Philadelphia Phillies,Atlanta Braves,0.25,0.75,0.5,1.5697987658978598,7.4071060273479805,BACKTEST_INIT
823475,Philadelphia Phillies,Atlanta Braves,0.475,0.525,0.050000000000000044,1.4782191676128078,3.508443764772573,BACKTEST_INIT
823476,Philadelphia Phillies,Atlanta Braves,0.4950495049504951,0.504950495049505,0.009900990099009854,3.3980916304295885,6.9070104499624385,BACKTEST_INIT
823477,Philadelphia Phillies,Chicago Cubs,0.25,0.75,0.5,3.9486930274843832,9.576683209154341,BACKTEST_INIT
823478,Philadelphia Phillies,Chicago Cubs,0.6153846153846154,0.3846153846153846,0.23076923076923084,8.87031530441378,6.301578473061481,BACKTEST_INIT
823479,Philadelphia Phillies,Arizona Diamondbacks,0.4807692307692308,0.5192307692307692,0.03846153846153838,3.0396325234330526,4.177371169679746,BACKTEST_INIT
823480,Philadelphia Phillies,Arizona Diamondbacks,0.4117647058823529,0.5882352941176471,0.17647058823529416,2.334965577926519,6.08250526302617,BACKTEST_INIT
823481,Philadelphia Phillies,Chicago Cubs,0.44871794871794873,0.5512820512820513,0.10256410256410259,2.9972395861494157,5.042165040233147,BACKTEST_INIT
823482,Philadelphia Phillies,Arizona Diamondbacks,0.25,0.75,0.5,1.1860354182755302,6.3348952559809515,BACKTEST_INIT
823483,Philadelphia Phillies,Washington Nationals,0.62,0.38,0.24,2.4647767406558576,1.2751189446427555,BACKTEST_INIT
823484,Philadelphia Phillies,Washington Nationals,0.10824,0.89176,0.78352,2.112498885875701,5.850629248396105,BACKTEST_INIT
823485,Philadelphia Phillies,Washington Nationals,0.0,1.0,1.0,2.217456958273438,9.685045964060508,BACKTEST_INIT
823486,Philadelphia Phillies,Texas Rangers,0.50072,0.49928,0.0014400000000000523,3.9714164050262775,3.9736796683582023,BACKTEST_INIT
823487,Philadelphia Phillies,Texas Rangers,0.49948,0.50052,0.0010399999999999854,4.508069873565886,4.553790246366291,BACKTEST_INIT
823488,Philadelphia Phillies,Texas Rangers,0.58754,0.41246,0.17507999999999996,3.8825850562148876,3.2443954072727594,BACKTEST_INIT
823500,New York Yankees,Colorado Rockies,0.5411471321695761,0.4588528678304239,0.08229426433915221,6.420864557383249,3.9558264839821904,BACKTEST_INIT
823501,New York Yankees,Boston Red Sox,0.5425812115891133,0.4574187884108867,0.08516242317822664,2.0705693867433776,1.67357637021454,BACKTEST_INIT
823502,New York Yankees,Boston Red Sox,0.5440278988666086,0.45597210113339137,0.08805579773321726,8.55406957412011,4.584606828382857,BACKTEST_INIT
823503,New York Yankees,Houston Astros,0.6666666666666666,0.33333333333333337,0.33333333333333326,8.659837741933828,3.032319602878955,BACKTEST_INIT
823504,New York Yankees,Boston Red Sox,0.5073170731707316,0.4926829268292684,0.014634146341463206,2.190314058846831,2.5204579401901666,BACKTEST_INIT
823505,New York Yankees,Houston Astros,0.6666666666666666,0.33333333333333337,0.33333333333333326,8.843020389143886,2.090767557480455,BACKTEST_INIT
823506,New York Yankees,Houston Astros,0.5079559363525091,0.49204406364749087,0.01591187270501826,7.529995028890721,8.39382985709549,BACKTEST_INIT
823507,New York Yankees,Toronto Blue Jays,0.5059880239520957,0.49401197604790426,0.011976047904191489,2.594134428384921,2.8895030272946145,BACKTEST_INIT
823508,New York Yankees,Seattle Mariners,0.6666666666666666,0.33333333333333337,0.33333333333333326,8.992801046620691,3.153067206749478,BACKTEST_INIT
823509,New York Yankees,Toronto Blue Jays,0.5427230046948357,0.4572769953051643,0.0854460093896714,2.325942911817595,2.0815284662355062,BACKTEST_INIT
823510,New York Yankees,Toronto Blue Jays,0.5067466266866567,0.4932533733133433,0.013493253373313419,2.135702235130729,2.4663591488540266,BACKTEST_INIT
823511,New York Yankees,Seattle Mariners,0.5402298850574713,0.45977011494252873,0.08045977011494254,4.2678097100276124,1.5249889072491778,BACKTEST_INIT
823512,New York Yankees,Seattle Mariners,0.5421245421245421,0.4578754578754579,0.08424908424908417,4.390487603653218,1.5649356231110525,BACKTEST_INIT
823513,New York Yankees,Atlanta Braves,0.5322580645161289,0.4677419354838711,0.06451612903225779,3.6957328021077025,3.5332308894597144,BACKTEST_INIT
823514,New York Yankees,Atlanta Braves,0.5048899755501222,0.49511002444987784,0.009779951100244322,1.837585061255901,2.8096653033023653,BACKTEST_INIT
823515,New York Yankees,Atlanta Braves,0.5049382716049383,0.4950617283950617,0.009876543209876631,1.540215750081744,3.841070815809107,BACKTEST_INIT
823516,New York Yankees,St. Louis Cardinals,0.5464684014869888,0.45353159851301117,0.09293680297397766,2.8148999288331202,1.0556363483389415,BACKTEST_INIT
823517,New York Yankees,St. Louis Cardinals,0.5006305170239596,0.49936948297604045,0.0012610340479191073,6.205210749472393,8.100645702335456,BACKTEST_INIT
823518,New York Yankees,Pittsburgh Pirates,0.5028571428571429,0.4971428571428571,0.005714285714285783,1.174877435698983,1.2648527556003957,BACKTEST_INIT
823519,New York Yankees,Pittsburgh Pirates,0.5028571428571429,0.4971428571428571,0.005714285714285783,1.174877435698983,1.2648527556003957,BACKTEST_INIT
823520,New York Yankees,St. Louis Cardinals,0.501269035532995,0.49873096446700504,0.002538071065989911,1.6779211766752244,2.7573187932681202,BACKTEST_INIT
823521,New York Yankees,Los Angeles Dodgers,0.49473684210526314,0.5052631578947369,0.010526315789473717,1.3919709751616054,1.4373139495584675,BACKTEST_INIT
823522,New York Yankees,Pittsburgh Pirates,0.25,0.75,0.5,2.1297711391325755,8.232020525733972,BACKTEST_INIT
823523,New York Yankees,Los Angeles Dodgers,0.49473684210526314,0.5052631578947369,0.010526315789473717,1.4717309120383655,1.5196720388681677,BACKTEST_INIT
823524,New York Yankees,Los Angeles Dodgers,0.5542168674698795,0.4457831325301205,0.10843373493975905,6.760007844243318,2.5007770450967404,BACKTEST_INIT
823525,New York Yankees,Minnesota Twins,0.25,0.75,0.5,3.606701246367231,8.733414372728802,BACKTEST_INIT
823526,New York Yankees,Minnesota Twins,0.5648535564853556,0.4351464435146444,0.12970711297071125,3.180013767757412,2.588495863835909,BACKTEST_INIT
823527,New York Yankees,Minnesota Twins,0.25,0.75,0.5,1.5486607108677308,6.2124616936109565,BACKTEST_INIT
823528,New York Yankees,Detroit Tigers,0.4928825622775801,0.5071174377224199,0.014234875444839812,3.5286623899017067,6.448336346183713,BACKTEST_INIT
823529,New York Yankees,Detroit Tigers,0.49547920433996384,0.5045207956600362,0.009041591320072317,3.7368298415554912,5.831180044394989,BACKTEST_INIT
823530,New York Yankees,Detroit Tigers,0.25,0.75,0.5,3.3933875394760187,8.261526172174419,BACKTEST_INIT
823531,New York Yankees,Cincinnati Reds,0.25,0.75,0.5,3.10191784610829,7.973189237920486,BACKTEST_INIT
823532,New York Yankees,Cincinnati Reds,0.5670995670995671,0.4329004329004329,0.1341991341991342,4.03771427361494,1.5661309740214557,BACKTEST_INIT
823533,New York Yankees,Chicago White Sox,0.6418451300665456,0.35815486993345436,0.2836902601330913,9.206512014500749,3.6319663524379573,BACKTEST_INIT
823534,New York Yankees,Cincinnati Reds,0.565217391304348,0.434782608695652,0.130434782608696,3.582272926596352,2.6378050964128485,BACKTEST_INIT
823535,New York Yankees,Chicago White Sox,0.5695067264573991,0.4304932735426009,0.13901345291479816,4.387377311127321,2.591596552837436,BACKTEST_INIT
823536,New York Yankees,Chicago White Sox,0.6666666666666666,0.33333333333333337,0.33333333333333326,9.206512014500749,2.417238714793671,BACKTEST_INIT
823537,New York Yankees,Boston Red Sox,0.5330396475770924,0.46696035242290757,0.06607929515418487,1.9164381431377109,1.6960540104832742,BACKTEST_INIT
823538,New York Yankees,Boston Red Sox,0.5754716981132075,0.42452830188679247,0.15094339622641506,4.8168179262929245,2.679040831808316,BACKTEST_INIT
823539,New York Yankees,Boston Red Sox,0.5425812115891133,0.4574187884108867,0.08516242317822664,2.0705693867433776,1.67357637021454,BACKTEST_INIT
823540,New York Yankees,Cleveland Guardians,0.49156626506024087,0.5084337349397592,0.016867469879518315,4.125148030714911,6.998420869569394,BACKTEST_INIT
823541,New York Yankees,Cleveland Guardians,0.6666666666666666,0.33333333333333337,0.33333333333333326,8.687240492919962,2.96936895961493,BACKTEST_INIT
823542,New York Yankees,Cleveland Guardians,0.49176470588235294,0.5082352941176471,0.01647058823529418,4.056970188277269,5.808243787049955,BACKTEST_INIT
823543,New York Yankees,Tampa Bay Rays,0.48830409356725135,0.5116959064327486,0.023391812865497297,1.8082459939140763,4.159106326262119,BACKTEST_INIT
823544,New York Yankees,Tampa Bay Rays,0.49002849002849,0.50997150997151,0.019943019943019946,1.2720425982977526,1.4836990670299148,BACKTEST_INIT
823545,New York Yankees,Toronto Blue Jays,0.496951219512195,0.503048780487805,0.0060975609756099836,2.071402081506087,3.225882364667533,BACKTEST_INIT
823546,New York Yankees,Tampa Bay Rays,0.4894894894894894,0.5105105105105106,0.021021021021021158,1.6859575619171223,4.010648071356721,BACKTEST_INIT
823547,New York Yankees,Toronto Blue Jays,0.5765306122448979,0.4234693877551021,0.15306122448979576,5.581937078971775,4.495494347173746,BACKTEST_INIT
823548,New York Yankees,Toronto Blue Jays,0.5838150289017341,0.4161849710982659,0.16763005780346818,6.056769592316473,4.751309502574073,BACKTEST_INIT
823549,New York Yankees,Toronto Blue Jays,0.5081967213114753,0.4918032786885247,0.016393442622950616,3.2629178464566335,3.2461593545448615,BACKTEST_INIT
823550,New York Yankees,Texas Rangers,0.5798611111111112,0.42013888888888884,0.15972222222222232,6.1701699352779364,2.4746474549709747,BACKTEST_INIT
823551,New York Yankees,Texas Rangers,0.4860557768924303,0.5139442231075697,0.027888446215139417,1.9701936455317197,4.376564644276885,BACKTEST_INIT
823552,New York Yankees,Baltimore Orioles,0.6624968537628994,0.33750314623710065,0.3249937075257987,8.937789389764184,3.289043871820704,BACKTEST_INIT
823553,New York Yankees,Texas Rangers,0.6352836484983313,0.3647163515016687,0.2705672969966626,5.445041138879612,1.4621535109821844,BACKTEST_INIT
823554,New York Yankees,Baltimore Orioles,0.5714285714285713,0.4285714285714287,0.14285714285714257,5.452334423467919,3.0491348422754614,BACKTEST_INIT
823555,New York Yankees,Baltimore Orioles,0.5789473684210525,0.42105263157894746,0.1578947368421051,7.0749087943992395,3.266272419168506,BACKTEST_INIT
823556,New York Yankees,Kansas City Royals,0.6666666666666666,0.33333333333333337,0.33333333333333326,9.20164264160255,2.3639614165939564,BACKTEST_INIT
823557,New York Yankees,Baltimore Orioles,0.49047619047619045,0.5095238095238095,0.019047619047619035,4.603383335400016,5.665874192873482,BACKTEST_INIT
823558,New York Yankees,Kansas City Royals,0.6081871345029239,0.39181286549707606,0.21637426900584789,4.566255677235437,1.5044687655477724,BACKTEST_INIT
823559,New York Yankees,Kansas City Royals,0.4950495049504951,0.504950495049505,0.009900990099009854,5.989023930496144,8.547461594007702,BACKTEST_INIT
823560,New York Yankees,Los Angeles Angels,0.5000000000000001,0.4999999999999999,2.220446049250313e-16,3.3174408346577073,5.3854447042158045,BACKTEST_INIT
823561,New York Yankees,Los Angeles Angels,0.25,0.75,0.5,1.144617671517198,7.023903221701094,BACKTEST_INIT
823562,New York Yankees,Los Angeles Angels,0.6153846153846154,0.3846153846153846,0.23076923076923084,9.166929781063558,7.504787768322407,BACKTEST_INIT
823563,New York Yankees,Los Angeles Angels,0.44871794871794873,0.5512820512820513,0.10256410256410259,4.212837650118458,4.515002539940811,BACKTEST_INIT
823564,New York Yankees,Athletics,0.5982905982905983,0.4017094017094017,0.19658119658119655,4.048775952342039,3.4223571758495086,BACKTEST_INIT
823565,New York Yankees,Athletics,0.45454545454545453,0.5454545454545454,0.09090909090909088,3.189307707250139,3.393730105883894,BACKTEST_INIT
823566,New York Yankees,Miami Marlins,0.6097560975609756,0.3902439024390244,0.2195121951219512,7.57788489933663,5.132979371698908,BACKTEST_INIT
823567,New York Yankees,Athletics,0.5963302752293578,0.4036697247706422,0.19266055045871555,9.29865819883492,5.942262125836788,BACKTEST_INIT
823568,New York Yankees,Miami Marlins,0.5238095238095238,0.47619047619047616,0.04761904761904767,2.3135490725617407,2.6391158149911247,BACKTEST_INIT
823569,New York Yankees,Miami Marlins,0.63894783377542,0.36105216622458003,0.27789566755083994,7.291092376817852,2.6996297849177213,BACKTEST_INIT
823577,New York Mets,San Francisco Giants,0.5417017691659646,0.4582982308340354,0.08340353833192915,8.094847483865909,4.934192808715322,BACKTEST_INIT
823578,New York Mets,San Francisco Giants,0.5050167224080266,0.49498327759197336,0.010033444816053283,5.477981405005077,8.37462881279711,BACKTEST_INIT
823579,New York Mets,San Francisco Giants,0.5419847328244275,0.4580152671755725,0.08396946564885499,5.578149826394917,3.7784774522927655,BACKTEST_INIT
823580,New York Mets,Houston Astros,0.5440278988666086,0.45597210113339137,0.08805579773321726,4.376533389201091,3.023301634310866,BACKTEST_INIT
823581,New York Mets,Milwaukee Brewers,0.25,0.75,0.5,2.112863116661832,7.91392952965179,BACKTEST_INIT
823582,New York Mets,Houston Astros,0.5059171597633136,0.49408284023668636,0.01183431952662728,1.1567306715703543,3.7746583533456075,BACKTEST_INIT
823583,New York Mets,Houston Astros,0.25,0.75,0.5,1.2036883804626843,5.7214599291956345,BACKTEST_INIT
823584,New York Mets,Milwaukee Brewers,0.5079559363525091,0.49204406364749087,0.01591187270501826,2.4309889489510237,3.11154484939466,BACKTEST_INIT
823585,New York Mets,Milwaukee Brewers,0.5067264573991032,0.49327354260089684,0.013452914798206317,2.191008041813866,4.100501409713299,BACKTEST_INIT
823586,New York Mets,San Diego Padres,0.536,0.46399999999999997,0.07200000000000006,2.4613018982156585,1.9650248536949761,BACKTEST_INIT
823587,New York Mets,San Diego Padres,0.5067466266866567,0.4932533733133433,0.013493253373313419,2.4011707228119548,3.4955889576266364,BACKTEST_INIT
823588,New York Mets,Washington Nationals,0.539795918367347,0.46020408163265303,0.07959183673469394,2.775104049473269,2.200435628867622,BACKTEST_INIT
823589,New York Mets,San Diego Padres,0.532258064516129,0.467741935483871,0.06451612903225801,2.489660703028677,2.3886503615551593,BACKTEST_INIT
823590,New York Mets,Washington Nationals,0.5373134328358209,0.4626865671641791,0.07462686567164178,3.894946016605286,2.957755290049358,BACKTEST_INIT
823591,New York Mets,Washington Nationals,0.5064629847238542,0.4935370152761458,0.012925969447708408,2.0539344335746277,4.093153725769986,BACKTEST_INIT
823592,New York Mets,Miami Marlins,0.5012820512820514,0.4987179487179486,0.002564102564102777,2.415741606573252,4.826600071760315,BACKTEST_INIT
823593,New York Mets,Miami Marlins,0.525,0.475,0.050000000000000044,2.8778601828612103,2.842842355753956,BACKTEST_INIT
823594,New York Mets,Miami Marlins,0.5019455252918289,0.4980544747081711,0.0038910505836577958,2.7508822491043157,4.143378308935252,BACKTEST_INIT
823595,New York Mets,Miami Marlins,0.5033112582781457,0.4966887417218543,0.0066225165562914245,2.4262572982360835,3.097043914564914,BACKTEST_INIT
823596,New York Mets,Atlanta Braves,0.5040214477211796,0.4959785522788204,0.008042895442359255,1.1135913013051615,2.1639202705789446,BACKTEST_INIT
823597,New York Mets,Atlanta Braves,0.5458015267175572,0.4541984732824428,0.09160305343511443,5.228762902166153,2.87288177771234,BACKTEST_INIT
823598,New York Mets,Atlanta Braves,0.5040214477211796,0.4959785522788204,0.008042895442359255,1.1135913013051615,2.1639202705789446,BACKTEST_INIT
823599,New York Mets,Los Angeles Dodgers,0.5020689655172415,0.49793103448275855,0.0041379310344829,3.1024498840642085,4.440782990401645,BACKTEST_INIT
823600,New York Mets,Los Angeles Dodgers,0.5020920502092049,0.4979079497907951,0.004184100418409775,2.9959848941983847,4.446278236193095,BACKTEST_INIT
823601,New York Mets,Los Angeles Dodgers,0.5028169014084508,0.4971830985915492,0.005633802816901623,3.848561962944422,4.974288567728134,BACKTEST_INIT
823602,New York Mets,Boston Red Sox,0.4945226917057903,0.5054773082942097,0.010954616588419397,1.963101243285316,4.5423333224500375,BACKTEST_INIT
823603,New York Mets,Boston Red Sox,0.495253164556962,0.504746835443038,0.009493670886076,2.789089468841933,4.580070806805356,BACKTEST_INIT
823604,New York Mets,Boston Red Sox,0.556910569105691,0.44308943089430897,0.11382113821138207,3.7204056332877586,2.756462038126503,BACKTEST_INIT
823605,New York Mets,Kansas City Royals,0.49185667752442996,0.50814332247557,0.016286644951140072,9.224494788662078,9.25593819612228,BACKTEST_INIT
823606,New York Mets,Kansas City Royals,0.6666666666666666,0.33333333333333337,0.33333333333333326,6.482152119610259,1.2329635769683058,BACKTEST_INIT
823607,New York Mets,Kansas City Royals,0.4909688013136289,0.5090311986863711,0.018062397372742234,4.9764852413924485,7.792792553256912,BACKTEST_INIT
823608,New York Mets,Philadelphia Phillies,0.5635593220338984,0.43644067796610164,0.12711864406779672,4.758429094694796,2.747221176944345,BACKTEST_INIT
823609,New York Mets,Philadelphia Phillies,0.4972170686456401,0.5027829313543599,0.005565862708719838,2.3619605830713506,3.014030964682327,BACKTEST_INIT
823610,New York Mets,Philadelphia Phillies,0.49906542056074765,0.5009345794392523,0.0018691588785046953,4.000797845864336,4.9698734380653695,BACKTEST_INIT
823611,New York Mets,Chicago Cubs,0.5051334702258727,0.49486652977412726,0.010266940451745477,4.513235265585383,9.53345354987139,BACKTEST_INIT
823612,New York Mets,Chicago Cubs,0.25,0.75,0.5,3.9838055061005795,9.753941281030414,BACKTEST_INIT
823613,New York Mets,Chicago Cubs,0.5051334702258727,0.49486652977412726,0.010266940451745477,4.513235265585383,9.53345354987139,BACKTEST_INIT
823614,New York Mets,Chicago Cubs,0.5041152263374485,0.49588477366255146,0.008230452674897082,1.7212369368356764,2.6317026855556627,BACKTEST_INIT
823615,New York Mets,Atlanta Braves,0.5040650406504066,0.4959349593495934,0.008130081300813163,2.154287027981213,3.34812760170837,BACKTEST_INIT
823616,New York Mets,Atlanta Braves,0.5707762557077626,0.4292237442922374,0.14155251141552516,5.568280807191972,3.492081737215237,BACKTEST_INIT
823617,New York Mets,Atlanta Braves,0.524390243902439,0.47560975609756095,0.04878048780487809,2.743107565064824,2.351435984116721,BACKTEST_INIT
823618,New York Mets,St. Louis Cardinals,0.25,0.75,0.5,1.838771269873656,6.105071200999248,BACKTEST_INIT
823619,New York Mets,St. Louis Cardinals,0.25,0.75,0.5,1.8682251576454831,7.407586328644178,BACKTEST_INIT
823620,New York Mets,St. Louis Cardinals,0.5694444444444445,0.43055555555555547,0.13888888888888906,5.130061347849525,3.1335056214220236,BACKTEST_INIT
823621,New York Mets,Miami Marlins,0.6610621427254285,0.3389378572745715,0.32212428545085703,6.592480433097922,1.917702472990968,BACKTEST_INIT
823622,New York Mets,Miami Marlins,0.5806451612903226,0.4193548387096774,0.16129032258064524,8.69814905989199,6.2853690331159715,BACKTEST_INIT
823623,New York Mets,Miami Marlins,0.4753246753246753,0.5246753246753246,0.04935064935064931,2.2033046193526866,2.2552338102756795,BACKTEST_INIT
823624,New York Mets,Cincinnati Reds,0.25,0.75,0.5,1.3419631580280698,6.259692884938799,BACKTEST_INIT
823625,New York Mets,Cincinnati Reds,0.48467966573816157,0.5153203342618384,0.03064066852367686,1.154361204866865,1.6450482938024096,BACKTEST_INIT
823626,New York Mets,Cincinnati Reds,0.25,0.75,0.5,1.4604721427557015,6.534078297087966,BACKTEST_INIT
823627,New York Mets,New York Yankees,0.5083056478405316,0.49169435215946844,0.01661129568106312,2.7817478815142045,4.252555889432887,BACKTEST_INIT
823628,New York Mets,New York Yankees,0.5555555555555556,0.4444444444444444,0.11111111111111116,4.630754916425394,3.770354929951327,BACKTEST_INIT
823629,New York Mets,New York Yankees,0.5823529411764706,0.41764705882352937,0.16470588235294126,6.911751015405694,3.7164891815886625,BACKTEST_INIT
823630,New York Mets,Detroit Tigers,0.5672514619883041,0.4327485380116959,0.13450292397660824,3.150639365987362,2.7650680325445114,BACKTEST_INIT
823631,New York Mets,Detroit Tigers,0.6122331691297208,0.3877668308702792,0.22446633825944162,8.203258808326723,3.1020156255061417,BACKTEST_INIT
823632,New York Mets,Detroit Tigers,0.4964788732394366,0.5035211267605634,0.007042253521126751,1.8055526502354131,3.5828825807472056,BACKTEST_INIT
823633,New York Mets,Washington Nationals,0.6666666666666666,0.33333333333333337,0.33333333333333326,7.679159155416777,1.7481967650624513,BACKTEST_INIT
823634,New York Mets,Washington Nationals,0.25,0.75,0.5,2.1039679714611967,9.560596696864662,BACKTEST_INIT
823635,New York Mets,Colorado Rockies,0.4857142857142857,0.5142857142857142,0.028571428571428525,1.3074726810487254,1.5861426300870498,BACKTEST_INIT
823636,New York Mets,Washington Nationals,0.4787234042553192,0.5212765957446808,0.0425531914893616,1.8216456010305095,2.7731707638554144,BACKTEST_INIT
823637,New York Mets,Colorado Rockies,0.4857142857142857,0.5142857142857142,0.028571428571428525,1.3074726810487254,1.5861426300870498,BACKTEST_INIT
823638,New York Mets,Colorado Rockies,0.5885167464114832,0.4114832535885168,0.17703349282296643,9.550463608684229,7.7850125340207335,BACKTEST_INIT
823639,New York Mets,Minnesota Twins,0.5911330049261084,0.40886699507389157,0.18226600985221686,3.354275538854595,3.1946745802366787,BACKTEST_INIT
823640,New York Mets,Minnesota Twins,0.6021505376344086,0.3978494623655914,0.20430107526881724,3.148135358325664,2.5287600733158544,BACKTEST_INIT
823641,New York Mets,Minnesota Twins,0.46258503401360546,0.5374149659863945,0.07482993197278903,3.2912262303434376,3.8842686294940987,BACKTEST_INIT
823642,New York Mets,Athletics,0.4444444444444444,0.5555555555555556,0.11111111111111116,4.342378547830513,8.289862963130506,BACKTEST_INIT
823643,New York Mets,Athletics,0.4339622641509434,0.5660377358490566,0.13207547169811318,2.5244293946387906,4.654755164668294,BACKTEST_INIT
823644,New York Mets,Athletics,0.4117647058823529,0.5882352941176471,0.17647058823529416,1.6945944336299252,4.721369013288529,BACKTEST_INIT
823645,New York Mets,Arizona Diamondbacks,0.4375,0.5625,0.125,3.07304571756695,6.100536958018281,BACKTEST_INIT
823646,New York Mets,Arizona Diamondbacks,0.5982905982905983,0.4017094017094017,0.19658119658119655,3.9456737807737925,2.754447964986887,BACKTEST_INIT
823647,New York Mets,Pittsburgh Pirates,0.71262,0.28738,0.42524,5.570607589209082,3.6786025205617325,BACKTEST_INIT
823648,New York Mets,Arizona Diamondbacks,0.5963302752293578,0.4036697247706422,0.19266055045871555,3.9276077438202623,2.679010478596012,BACKTEST_INIT
823649,New York Mets,Pittsburgh Pirates,0.4618,0.5382,0.07640000000000002,3.8651390458281427,4.186135778652924,BACKTEST_INIT
823651,New York Mets,Pittsburgh Pirates,0.69396,0.30604,0.38792000000000004,7.51471050648719,5.452421730705597,BACKTEST_INIT
823660,Minnesota Twins,Detroit Tigers,0.6666666666666666,0.33333333333333337,0.33333333333333326,8.822028950030202,1.548631012997931,BACKTEST_INIT
823661,Minnesota Twins,Detroit Tigers,0.6666666666666666,0.33333333333333337,0.33333333333333326,9.389726512964648,1.5607859524676022,BACKTEST_INIT
823662,Minnesota Twins,Chicago White Sox,0.5357142857142857,0.4642857142857143,0.0714285714285714,2.9245853485216595,2.942961723353828,BACKTEST_INIT
823663,Minnesota Twins,Detroit Tigers,0.5441176470588235,0.4558823529411765,0.08823529411764697,4.519825316475895,1.8015831494208374,BACKTEST_INIT
823664,Minnesota Twins,Atlanta Braves,0.537972844463229,0.462027155536771,0.07594568892645803,3.5493340339295627,2.227544647272565,BACKTEST_INIT
823665,Minnesota Twins,Chicago White Sox,0.5059171597633136,0.49408284023668636,0.01183431952662728,3.5315034596772596,7.8260638199441015,BACKTEST_INIT
823666,Minnesota Twins,Chicago White Sox,0.25,0.75,0.5,3.089829536014804,8.832220985610345,BACKTEST_INIT
823667,Minnesota Twins,Atlanta Braves,0.536,0.46399999999999997,0.07200000000000006,3.4864414397989423,2.7658166551032686,BACKTEST_INIT
823668,Minnesota Twins,Atlanta Braves,0.5067873303167421,0.49321266968325794,0.013574660633484115,3.129809834123452,6.065921062411441,BACKTEST_INIT
823669,Minnesota Twins,Philadelphia Phillies,0.5424430641821946,0.45755693581780543,0.08488612836438914,6.4095756073183345,2.6904387788157886,BACKTEST_INIT
823670,Minnesota Twins,Philadelphia Phillies,0.25,0.75,0.5,1.4561067480696828,8.735568157148311,BACKTEST_INIT
823671,Minnesota Twins,Philadelphia Phillies,0.25,0.75,0.5,1.440076703954914,5.911759374060959,BACKTEST_INIT
823672,Minnesota Twins,Baltimore Orioles,0.25,0.75,0.5,1.4990584273208125,5.6159107763387475,BACKTEST_INIT
823673,Minnesota Twins,Baltimore Orioles,0.5421245421245421,0.4578754578754579,0.08424908424908417,8.681525997605956,6.223274952383447,BACKTEST_INIT
823674,Minnesota Twins,Kansas City Royals,0.5033112582781457,0.4966887417218543,0.0066225165562914245,1.8149326633908807,2.99775036302624,BACKTEST_INIT
823675,Minnesota Twins,Baltimore Orioles,0.5066344993968637,0.49336550060313633,0.013268998793727338,4.013326501967158,6.980348538315493,BACKTEST_INIT
823676,Minnesota Twins,Kansas City Royals,0.5135135135135135,0.4864864864864865,0.027027027027026973,7.070544328534732,6.526735889493885,BACKTEST_INIT
823677,Minnesota Twins,Kansas City Royals,0.5454545454545454,0.4545454545454546,0.09090909090909083,3.7925689734040198,2.848093990344653,BACKTEST_INIT
823678,Minnesota Twins,Athletics,0.5478927203065134,0.45210727969348663,0.09578544061302674,2.758490319084676,1.6210875242076384,BACKTEST_INIT
823679,Minnesota Twins,Athletics,0.5149700598802395,0.4850299401197605,0.029940119760478945,2.5378022849886483,2.349842380170924,BACKTEST_INIT
823680,Minnesota Twins,Athletics,0.5461538461538461,0.4538461538461539,0.0923076923076922,4.561397042758157,2.4615373181011084,BACKTEST_INIT
823681,Minnesota Twins,Los Angeles Angels,0.5542168674698795,0.4457831325301205,0.10843373493975905,4.417614173679105,3.7697151971897354,BACKTEST_INIT
823682,Minnesota Twins,Los Angeles Angels,0.495253164556962,0.504746835443038,0.009493670886076,3.9499071563005907,4.288568667528149,BACKTEST_INIT
823683,Minnesota Twins,Cleveland Guardians,0.5573770491803278,0.4426229508196722,0.11475409836065564,5.1033237147016095,3.894432447224549,BACKTEST_INIT
823684,Minnesota Twins,Cleveland Guardians,0.532803180914513,0.46719681908548705,0.0656063618290259,2.4071165330456354,2.130238226281548,BACKTEST_INIT
823685,Minnesota Twins,Los Angeles Angels,0.5307262569832402,0.46927374301675984,0.06145251396648033,4.047667776120489,3.9408659032264426,BACKTEST_INIT
823686,Minnesota Twins,Colorado Rockies,0.4972477064220184,0.5027522935779816,0.005504587155963192,5.176208900163376,7.493798367133977,BACKTEST_INIT
823687,Minnesota Twins,Cleveland Guardians,0.5619834710743802,0.4380165289256198,0.12396694214876036,8.449453139846296,3.896975334239084,BACKTEST_INIT
823688,Minnesota Twins,Colorado Rockies,0.5348837209302325,0.4651162790697675,0.06976744186046502,3.896068545482377,3.5819263900331015,BACKTEST_INIT
823689,Minnesota Twins,Colorado Rockies,0.5641025641025641,0.4358974358974359,0.1282051282051282,8.52775606203338,6.932938879071804,BACKTEST_INIT
823690,Minnesota Twins,Los Angeles Dodgers,0.5622317596566524,0.4377682403433476,0.1244635193133048,2.401999823954617,1.8548671977178959,BACKTEST_INIT
823691,Minnesota Twins,Los Angeles Dodgers,0.25,0.75,0.5,2.5772611603645843,11.00907445474515,BACKTEST_INIT
823692,Minnesota Twins,Los Angeles Dodgers,0.5633841448374525,0.43661585516254753,0.12676828967490494,5.351313493374327,1.6642694959086182,BACKTEST_INIT
823693,Minnesota Twins,St. Louis Cardinals,0.5040650406504066,0.4959349593495934,0.008130081300813163,5.567823429342412,8.043562574539578,BACKTEST_INIT
823694,Minnesota Twins,St. Louis Cardinals,0.5707762557077626,0.4292237442922374,0.14155251141552516,9.967669442371879,7.9693777200566,BACKTEST_INIT
823695,Minnesota Twins,St. Louis Cardinals,0.25,0.75,0.5,2.124433411008593,7.992501822095378,BACKTEST_INIT
823696,Minnesota Twins,Kansas City Royals,0.49774774774774777,0.5022522522522522,0.0045045045045044585,3.072899882084739,3.6054584976753556,BACKTEST_INIT
823697,Minnesota Twins,Kansas City Royals,0.5754716981132075,0.42452830188679247,0.15094339622641506,5.005448282856589,3.839081137958193,BACKTEST_INIT
823698,Minnesota Twins,Kansas City Royals,0.25,0.75,0.5,2.2984807998199264,6.217840805803532,BACKTEST_INIT
823699,Minnesota Twins,Kansas City Royals,0.4930232558139534,0.5069767441860467,0.013953488372093259,4.682431633624951,6.532209000651317,BACKTEST_INIT
823700,Minnesota Twins,Chicago White Sox,0.582010582010582,0.417989417989418,0.16402116402116396,9.763003292768989,5.461862747331134,BACKTEST_INIT
823701,Minnesota Twins,Chicago White Sox,0.581151832460733,0.418848167539267,0.16230366492146597,6.009283169274418,4.756927352828793,BACKTEST_INIT
823702,Minnesota Twins,Chicago White Sox,0.49261083743842365,0.5073891625615763,0.014778325123152636,2.5698761637472782,5.225546305126997,BACKTEST_INIT
823703,Minnesota Twins,Houston Astros,0.5416666666666666,0.45833333333333337,0.08333333333333326,1.875479722598071,1.7617541768876195,BACKTEST_INIT
823704,Minnesota Twins,Houston Astros,0.6113560560760082,0.3886439439239918,0.22271211215201636,5.787036240677654,1.76727667146235,BACKTEST_INIT
823705,Minnesota Twins,Houston Astros,0.6666666666666666,0.33333333333333337,0.33333333333333326,9.162229064841572,1.4298772017373462,BACKTEST_INIT
823706,Minnesota Twins,Milwaukee Brewers,0.5083056478405316,0.49169435215946844,0.01661129568106312,3.1364520066588737,3.4554123077500085,BACKTEST_INIT
823707,Minnesota Twins,Milwaukee Brewers,0.5666666666666667,0.43333333333333335,0.1333333333333333,3.675775906025361,3.2584054452996405,BACKTEST_INIT
823708,Minnesota Twins,Milwaukee Brewers,0.5115511551155115,0.4884488448844885,0.02310231023102305,2.7386180343913265,3.182233790741388,BACKTEST_INIT
823709,Minnesota Twins,Miami Marlins,0.25,0.75,0.5,3.8031460044540166,9.691954201558616,BACKTEST_INIT
823710,Minnesota Twins,Miami Marlins,0.5773809523809523,0.42261904761904767,0.15476190476190466,2.6208142292161303,1.6684074543151208,BACKTEST_INIT
823711,Minnesota Twins,Toronto Blue Jays,0.25,0.75,0.5,4.121774774902836,9.302746872267335,BACKTEST_INIT
823712,Minnesota Twins,Miami Marlins,0.4964788732394366,0.5035211267605634,0.007042253521126751,2.797709551140737,3.821902199988582,BACKTEST_INIT
823713,Minnesota Twins,Toronto Blue Jays,0.6666666666666666,0.33333333333333337,0.33333333333333326,6.320746456433692,1.158539861875258,BACKTEST_INIT
823714,Minnesota Twins,Toronto Blue Jays,0.25,0.75,0.5,1.3453465563827094,8.02790561489072,BACKTEST_INIT
823715,Minnesota Twins,Toronto Blue Jays,0.48847926267281105,0.511520737327189,0.02304147465437789,3.786338463920058,5.944467272808203,BACKTEST_INIT
823716,Minnesota Twins,Seattle Mariners,0.5854700854700854,0.4145299145299146,0.17094017094017078,8.987061982570971,3.9552538939388637,BACKTEST_INIT
823717,Minnesota Twins,Seattle Mariners,0.25,0.75,0.5,1.1646342195354589,5.987221770691648,BACKTEST_INIT
823718,Minnesota Twins,Cincinnati Reds,0.475,0.525,0.050000000000000044,2.9132245207182583,4.089841477599698,BACKTEST_INIT
823719,Minnesota Twins,Seattle Mariners,0.483695652173913,0.5163043478260869,0.03260869565217389,2.875575316915619,4.104944538011144,BACKTEST_INIT
823720,Minnesota Twins,Cincinnati Reds,0.6121212121212122,0.3878787878787878,0.22424242424242435,5.203921270686017,3.348276695555205,BACKTEST_INIT
823721,Minnesota Twins,Cincinnati Reds,0.4818181818181818,0.5181818181818182,0.036363636363636376,1.9959432606871454,3.029224868244171,BACKTEST_INIT
823722,Minnesota Twins,Boston Red Sox,0.6666666666666666,0.33333333333333337,0.33333333333333326,6.5664324525473035,1.8960211855494111,BACKTEST_INIT
823723,Minnesota Twins,Boston Red Sox,0.6153846153846154,0.3846153846153846,0.23076923076923084,8.765570281003097,5.777132836972243,BACKTEST_INIT
823724,Minnesota Twins,Detroit Tigers,0.603448275862069,0.39655172413793105,0.2068965517241379,6.624082342557864,4.598913286851729,BACKTEST_INIT
823725,Minnesota Twins,Boston Red Sox,0.44871794871794873,0.5512820512820513,0.10256410256410259,3.130777180225964,6.014016317949572,BACKTEST_INIT
823726,Minnesota Twins,Detroit Tigers,0.5982905982905983,0.4017094017094017,0.19658119658119655,4.80931430335718,2.7097395381416263,BACKTEST_INIT
823727,Minnesota Twins,Detroit Tigers,0.5963302752293578,0.4036697247706422,0.19266055045871555,6.4463377528802495,3.1037200593260375,BACKTEST_INIT
823728,Minnesota Twins,Detroit Tigers,0.43333333333333335,0.5666666666666667,0.1333333333333333,1.894578747431407,2.8808470723891553,BACKTEST_INIT
823729,Minnesota Twins,Tampa Bay Rays,0.25,0.75,0.5,1.0820711686679516,5.914986614120798,BACKTEST_INIT
823730,Minnesota Twins,Tampa Bay Rays,0.6666666666666666,0.33333333333333337,0.33333333333333326,8.91377428719925,3.0318856125535776,BACKTEST_INIT
823732,Minnesota Twins,Tampa Bay Rays,0.6363636363636364,0.36363636363636365,0.2727272727272727,5.455461171806144,2.13542334742207,BACKTEST_INIT
823738,Milwaukee Brewers,Chicago Cubs,0.5058479532163742,0.4941520467836258,0.011695906432748426,3.385783273444601,3.801157768732211,BACKTEST_INIT
823740,Milwaukee Brewers,Texas Rangers,0.5440278988666086,0.45597210113339137,0.08805579773321726,5.972530443068234,2.6630789541018225,BACKTEST_INIT
823741,Milwaukee Brewers,Texas Rangers,0.5425812115891133,0.4574187884108867,0.08516242317822664,6.028567590026505,2.3073825867521434,BACKTEST_INIT
823742,Milwaukee Brewers,Chicago Cubs,0.5396825396825398,0.46031746031746024,0.07936507936507953,9.233562852634062,4.488414617424161,BACKTEST_INIT
823743,Milwaukee Brewers,Atlanta Braves,0.5427230046948357,0.4572769953051643,0.0854460093896714,2.938280617828073,2.22013995524688,BACKTEST_INIT
823744,Milwaukee Brewers,Texas Rangers,0.5421472937000887,0.45785270629991126,0.08429458740017748,9.20919155212763,4.235046405803914,BACKTEST_INIT
823745,Milwaukee Brewers,Atlanta Braves,0.5440222428174233,0.4559777571825767,0.08804448563484657,3.408153595300579,2.1706562022836593,BACKTEST_INIT
823746,Milwaukee Brewers,Atlanta Braves,0.5371263259402121,0.46287367405978785,0.07425265188042429,4.204550061492469,3.0662876533982315,BACKTEST_INIT
823747,Milwaukee Brewers,Seattle Mariners,0.5067466266866567,0.4932533733133433,0.013493253373313419,4.765130770894746,5.914996366889535,BACKTEST_INIT
823748,Milwaukee Brewers,Seattle Mariners,0.6666666666666666,0.33333333333333337,0.33333333333333326,9.542486115774432,1.5686940890365588,BACKTEST_INIT
823749,Milwaukee Brewers,Seattle Mariners,0.536,0.46399999999999997,0.07200000000000006,3.713517901197454,2.9257135134156784,BACKTEST_INIT
823750,Milwaukee Brewers,Minnesota Twins,0.5049382716049383,0.4950617283950617,0.009876543209876631,2.76819661140962,3.2017254891061917,BACKTEST_INIT
823751,Milwaukee Brewers,Minnesota Twins,0.5441176470588235,0.4558823529411765,0.08823529411764697,4.4810810112557595,3.493697374517084,BACKTEST_INIT
823752,Milwaukee Brewers,Minnesota Twins,0.5048899755501222,0.49511002444987784,0.009779951100244322,5.033906231902453,7.033410742207433,BACKTEST_INIT
823753,Milwaukee Brewers,Pittsburgh Pirates,0.5464684014869888,0.45353159851301117,0.09293680297397766,3.8318403456513153,3.0122795763113785,BACKTEST_INIT
823754,Milwaukee Brewers,Pittsburgh Pirates,0.5481481481481482,0.45185185185185184,0.09629629629629632,3.800005212190481,2.76590118502452,BACKTEST_INIT
823755,Milwaukee Brewers,Colorado Rockies,0.5478927203065134,0.45210727969348663,0.09578544061302674,8.027300375388737,4.369041782316403,BACKTEST_INIT
823756,Milwaukee Brewers,Pittsburgh Pirates,0.5299539170506913,0.4700460829493087,0.05990783410138256,3.37735121479544,3.3323643274819985,BACKTEST_INIT
823757,Milwaukee Brewers,Pittsburgh Pirates,0.5339805825242718,0.46601941747572817,0.06796116504854366,3.6038741533358625,3.242519765441773,BACKTEST_INIT
823758,Milwaukee Brewers,Colorado Rockies,0.5020920502092049,0.4979079497907951,0.004184100418409775,3.3598766839056644,3.6238707184834,BACKTEST_INIT
823759,Milwaukee Brewers,Colorado Rockies,0.5461538461538461,0.4538461538461539,0.0923076923076922,5.379599360104004,1.817862580558359,BACKTEST_INIT
823760,Milwaukee Brewers,New York Mets,0.55078125,0.44921875,0.1015625,8.962020613926164,4.371960017272736,BACKTEST_INIT
823761,Milwaukee Brewers,New York Mets,0.5028571428571429,0.4971428571428571,0.005714285714285783,1.2614218722675214,3.938454247138622,BACKTEST_INIT
823762,Milwaukee Brewers,New York Mets,0.4955357142857143,0.5044642857142857,0.008928571428571397,2.318173809663883,4.7631045737014395,BACKTEST_INIT
823763,Milwaukee Brewers,Miami Marlins,0.5577689243027888,0.4422310756972112,0.11553784860557759,3.4188681573364526,2.3006302792073585,BACKTEST_INIT
823764,Milwaukee Brewers,Miami Marlins,0.5573122529644269,0.4426877470355731,0.11462450592885376,7.733976454677941,4.603471179691209,BACKTEST_INIT
823765,Milwaukee Brewers,Cincinnati Reds,0.5654008438818565,0.4345991561181435,0.13080168776371304,4.779561082083696,2.540339827373825,BACKTEST_INIT
823766,Milwaukee Brewers,Miami Marlins,0.49149922720247297,0.508500772797527,0.01700154559505407,3.995698598126762,5.828562875563671,BACKTEST_INIT
823767,Milwaukee Brewers,Cincinnati Reds,0.5635593220338984,0.43644067796610164,0.12711864406779672,5.86340937589614,2.729476379711812,BACKTEST_INIT
823768,Milwaukee Brewers,Cincinnati Reds,0.5635593220338984,0.43644067796610164,0.12711864406779672,5.961068268651378,3.815610123288694,BACKTEST_INIT
823769,Milwaukee Brewers,Chicago Cubs,0.25,0.75,0.5,3.285951512875301,8.84084409337304,BACKTEST_INIT
823770,Milwaukee Brewers,Chicago Cubs,0.5641025641025641,0.4358974358974359,0.1282051282051282,5.011745335779326,2.4763228569198263,BACKTEST_INIT
823771,Milwaukee Brewers,Cincinnati Reds,0.5635593220338984,0.43644067796610164,0.12711864406779672,5.957262656612386,3.766223150165044,BACKTEST_INIT
823772,Milwaukee Brewers,Cleveland Guardians,0.6666666666666666,0.33333333333333337,0.33333333333333326,9.092324123217885,2.3949297070577695,BACKTEST_INIT
823773,Milwaukee Brewers,Chicago Cubs,0.5641025641025641,0.4358974358974359,0.1282051282051282,3.7513667730664224,2.652134571847745,BACKTEST_INIT
823774,Milwaukee Brewers,Cleveland Guardians,0.5707964601769913,0.42920353982300874,0.14159292035398252,2.384980331315643,1.3765557202304854,BACKTEST_INIT
823775,Milwaukee Brewers,Cleveland Guardians,0.5695067264573991,0.4304932735426009,0.13901345291479816,2.419846082195338,1.4043329738279975,BACKTEST_INIT
823776,Milwaukee Brewers,Philadelphia Phillies,0.5707762557077626,0.4292237442922374,0.14155251141552516,4.971318226897484,1.9058004653231817,BACKTEST_INIT
823777,Milwaukee Brewers,Philadelphia Phillies,0.5040650406504066,0.4959349593495934,0.008130081300813163,6.8943823341447885,8.283329648463102,BACKTEST_INIT
823778,Milwaukee Brewers,Philadelphia Phillies,0.4999999999999999,0.5000000000000001,2.220446049250313e-16,2.941754139061449,5.384405677623954,BACKTEST_INIT
823779,Milwaukee Brewers,San Francisco Giants,0.49176470588235294,0.5082352941176471,0.01647058823529418,1.3016468914301034,2.814372174724143,BACKTEST_INIT
823780,Milwaukee Brewers,San Francisco Giants,0.6666666666666666,0.33333333333333337,0.33333333333333326,8.562731708464868,2.9681113624795628,BACKTEST_INIT
823781,Milwaukee Brewers,San Francisco Giants,0.582010582010582,0.417989417989418,0.16402116402116396,5.364716184997411,3.1065296949031898,BACKTEST_INIT
823782,Milwaukee Brewers,San Francisco Giants,0.6666666666666666,0.33333333333333337,0.33333333333333326,9.586791878809972,2.9323397314011683,BACKTEST_INIT
823783,Milwaukee Brewers,St. Louis Cardinals,0.5810055865921788,0.4189944134078212,0.16201117318435765,4.838590255868171,1.7173665067474055,BACKTEST_INIT
823784,Milwaukee Brewers,St. Louis Cardinals,0.5490196078431372,0.4509803921568628,0.09803921568627438,2.5015390694383957,2.0776054540651634,BACKTEST_INIT
823785,Milwaukee Brewers,St. Louis Cardinals,0.5810055865921788,0.4189944134078212,0.16201117318435765,4.089670107075029,2.117200508905162,BACKTEST_INIT
823786,Milwaukee Brewers,Los Angeles Dodgers,0.25,0.75,0.5,3.5654688925907205,9.440577970228464,BACKTEST_INIT
823787,Milwaukee Brewers,Los Angeles Dodgers,0.5765306122448979,0.4234693877551021,0.15306122448979576,3.8217457509779216,2.4765145306792236,BACKTEST_INIT
823788,Milwaukee Brewers,Los Angeles Dodgers,0.4894894894894894,0.5105105105105106,0.021021021021021158,2.44812763741218,2.6466897589896443,BACKTEST_INIT
823789,Milwaukee Brewers,San Diego Padres,0.5016835016835017,0.49831649831649827,0.0033670033670034627,2.043236182551017,2.6050520636517165,BACKTEST_INIT
823790,Milwaukee Brewers,San Diego Padres,0.5748502994011975,0.4251497005988025,0.14970059880239495,4.177224272994919,1.7584519424229517,BACKTEST_INIT
823791,Milwaukee Brewers,San Diego Padres,0.5773809523809523,0.42261904761904767,0.15476190476190466,5.237651163177521,2.640507871005683,BACKTEST_INIT
823792,Milwaukee Brewers,New York Yankees,0.5737704918032787,0.42622950819672134,0.14754098360655732,4.973582215761771,2.563502671178334,BACKTEST_INIT
823793,Milwaukee Brewers,New York Yankees,0.573170731707317,0.426829268292683,0.14634146341463405,4.492557026945555,2.6151830986478375,BACKTEST_INIT
823794,Milwaukee Brewers,New York Yankees,0.5693430656934306,0.43065693430656937,0.13868613138686126,3.6361494152994043,3.0178835212132498,BACKTEST_INIT
823795,Milwaukee Brewers,Arizona Diamondbacks,0.25,0.75,0.5,1.1718643281461165,4.515292483078584,BACKTEST_INIT
823796,Milwaukee Brewers,Arizona Diamondbacks,0.6666666666666666,0.33333333333333337,0.33333333333333326,9.282092543863328,3.005165240071082,BACKTEST_INIT
823797,Milwaukee Brewers,Pittsburgh Pirates,0.4857142857142857,0.5142857142857142,0.028571428571428525,1.94589191110548,5.105060489842002,BACKTEST_INIT
823798,Milwaukee Brewers,Arizona Diamondbacks,0.4787234042553192,0.5212765957446808,0.0425531914893616,3.9862576096475006,4.6005960921691695,BACKTEST_INIT
823799,Milwaukee Brewers,Pittsburgh Pirates,0.48502994011976047,0.5149700598802396,0.02994011976047911,1.550112083031217,4.3804626568296525,BACKTEST_INIT
823800,Milwaukee Brewers,Pittsburgh Pirates,0.5885167464114832,0.4114832535885168,0.17703349282296643,3.210568628563892,2.1175634608197202,BACKTEST_INIT
823801,Milwaukee Brewers,Toronto Blue Jays,0.620253164556962,0.379746835443038,0.240506329113924,2.4624550959606304,1.3654080376126074,BACKTEST_INIT
823802,Milwaukee Brewers,Toronto Blue Jays,0.47619047619047616,0.5238095238095238,0.04761904761904767,4.350435347978742,4.694501994224343,BACKTEST_INIT
823803,Milwaukee Brewers,Toronto Blue Jays,0.4888888888888889,0.5111111111111111,0.0222222222222222,6.428507643785599,7.323743547534933,BACKTEST_INIT
823804,Milwaukee Brewers,Washington Nationals,0.4807692307692308,0.5192307692307692,0.03846153846153838,2.8522193929047703,4.373084073252361,BACKTEST_INIT
823805,Milwaukee Brewers,Washington Nationals,0.4117647058823529,0.5882352941176471,0.17647058823529416,2.8633777575991965,5.800988420617402,BACKTEST_INIT
823806,Milwaukee Brewers,Tampa Bay Rays,0.62,0.38,0.24,4.41863867803929,2.8157817858035696,BACKTEST_INIT
823807,Milwaukee Brewers,Tampa Bay Rays,0.5263157894736842,0.4736842105263158,0.05263157894736836,1.6347216209187736,3.460167728178745,BACKTEST_INIT
823808,Milwaukee Brewers,Washington Nationals,0.4339622641509434,0.5660377358490566,0.13207547169811318,2.9912396090152393,3.557006108259631,BACKTEST_INIT
823809,Milwaukee Brewers,Tampa Bay Rays,0.57642,0.42358,0.15284000000000003,8.248036212096006,7.441659559974472,BACKTEST_INIT
823810,Milwaukee Brewers,Chicago White Sox,0.93308,0.06692,0.86616,7.384461472344839,2.345443203949422,BACKTEST_INIT
823811,Milwaukee Brewers,Chicago White Sox,0.94506,0.05494,0.89012,8.389836693337013,2.633877463763605,BACKTEST_INIT
823812,Milwaukee Brewers,Chicago White Sox,0.56744,0.43256,0.13488000000000006,4.5772676513874435,4.059474277647809,BACKTEST_INIT
823820,Miami Marlins,New York Mets,0.5058479532163742,0.4941520467836258,0.011695906432748426,4.4794734119307655,5.5011231726243714,BACKTEST_INIT
823821,Miami Marlins,New York Mets,0.5058479532163742,0.4941520467836258,0.011695906432748426,4.02355653274836,8.099686170777494,BACKTEST_INIT
823822,Miami Marlins,Chicago Cubs,0.5050167224080266,0.49498327759197336,0.010033444816053283,3.4547010880632474,5.68817001405824,BACKTEST_INIT
823823,Miami Marlins,Chicago Cubs,0.25,0.75,0.5,1.6497842766198063,5.520849762802255,BACKTEST_INIT
823824,Miami Marlins,Chicago Cubs,0.506145251396648,0.493854748603352,0.012290502793296021,1.7022703535609884,4.9775796844248,BACKTEST_INIT
823825,Miami Marlins,Boston Red Sox,0.5079559363525091,0.49204406364749087,0.01591187270501826,2.982656303521765,5.833849134599151,BACKTEST_INIT
823826,Miami Marlins,Boston Red Sox,0.5067264573991032,0.49327354260089684,0.013452914798206317,3.2075327202524955,4.290770591264576,BACKTEST_INIT
823827,Miami Marlins,Washington Nationals,0.5440222428174233,0.4559777571825767,0.08804448563484657,3.297115813336023,2.1386240833800034,BACKTEST_INIT
823828,Miami Marlins,Boston Red Sox,0.544883303411131,0.455116696588869,0.08976660682226201,5.764365001981679,4.074430597621215,BACKTEST_INIT
823829,Miami Marlins,Pittsburgh Pirates,0.6666666666666666,0.33333333333333337,0.33333333333333326,9.296619460548598,2.4232572845883107,BACKTEST_INIT
823830,Miami Marlins,Washington Nationals,0.5371263259402121,0.46287367405978785,0.07425265188042429,2.921085534889654,2.186057521514525,BACKTEST_INIT
823831,Miami Marlins,Washington Nationals,0.5427230046948357,0.4572769953051643,0.0854460093896714,2.92445078134188,2.1589228108987264,BACKTEST_INIT
823832,Miami Marlins,Pittsburgh Pirates,0.6666666666666666,0.33333333333333337,0.33333333333333326,9.936817365538651,3.0442662792276796,BACKTEST_INIT
823833,Miami Marlins,Pittsburgh Pirates,0.5065243179122183,0.4934756820877817,0.013048635824436605,1.198578531743061,2.2909723046937827,BACKTEST_INIT
823834,Miami Marlins,Los Angeles Angels,0.5048899755501222,0.49511002444987784,0.009779951100244322,3.433180317670251,3.320785525069911,BACKTEST_INIT
823835,Miami Marlins,Los Angeles Angels,0.5441176470588235,0.4558823529411765,0.08823529411764697,6.678528720327535,2.6108400458947565,BACKTEST_INIT
823836,Miami Marlins,Los Angeles Angels,0.5362095531587057,0.46379044684129433,0.07241910631741133,4.3016252740695125,3.5179538774694556,BACKTEST_INIT
823837,Miami Marlins,Philadelphia Phillies,0.5339805825242718,0.46601941747572817,0.06796116504854366,1.710776655718549,1.4370067969431106,BACKTEST_INIT
823838,Miami Marlins,Philadelphia Phillies,0.5339805825242718,0.46601941747572817,0.06796116504854366,7.149683928234518,6.647169695277912,BACKTEST_INIT
823839,Miami Marlins,Philadelphia Phillies,0.505464480874317,0.49453551912568305,0.010928961748633892,2.952862618432701,6.116529160181141,BACKTEST_INIT
823840,Miami Marlins,San Diego Padres,0.5020689655172415,0.49793103448275855,0.0041379310344829,2.3993200928377947,6.245323915858479,BACKTEST_INIT
823841,Miami Marlins,San Diego Padres,0.5020920502092049,0.4979079497907951,0.004184100418409775,2.4992300533345584,4.897064897902924,BACKTEST_INIT
823842,Miami Marlins,Cleveland Guardians,0.4945226917057903,0.5054773082942097,0.010954616588419397,2.4229282286762253,4.041057100518614,BACKTEST_INIT
823843,Miami Marlins,San Diego Padres,0.5028169014084508,0.4971830985915492,0.005633802816901623,2.6286842637672416,5.756017943340105,BACKTEST_INIT
823844,Miami Marlins,Cleveland Guardians,0.495253164556962,0.504746835443038,0.009493670886076,2.505222147004173,3.6542287608311907,BACKTEST_INIT
823845,Miami Marlins,Cleveland Guardians,0.556910569105691,0.44308943089430897,0.11382113821138207,6.110753098329419,4.85941715172121,BACKTEST_INIT
823846,Miami Marlins,Seattle Mariners,0.5573770491803278,0.4426229508196722,0.11475409836065564,3.0412953619533605,1.5841338001446563,BACKTEST_INIT
823847,Miami Marlins,Seattle Mariners,0.4909688013136289,0.5090311986863711,0.018062397372742234,3.4116345681604665,6.8660906842315415,BACKTEST_INIT
823848,Miami Marlins,Seattle Mariners,0.49185667752442996,0.50814332247557,0.016286644951140072,4.452189698682528,5.338047868797272,BACKTEST_INIT
823849,Miami Marlins,Texas Rangers,0.5392156862745098,0.4607843137254902,0.07843137254901955,3.979397713748428,3.836841001456536,BACKTEST_INIT
823850,Miami Marlins,Texas Rangers,0.5622317596566524,0.4377682403433476,0.1244635193133048,5.400564735109496,4.154752355489816,BACKTEST_INIT
823851,Miami Marlins,Texas Rangers,0.5622317596566524,0.4377682403433476,0.1244635193133048,5.744442475532061,3.777450364289569,BACKTEST_INIT
823852,Miami Marlins,San Francisco Giants,0.5622317596566524,0.4377682403433476,0.1244635193133048,5.399176148372945,2.7796270164991057,BACKTEST_INIT
823853,Miami Marlins,San Francisco Giants,0.565217391304348,0.434782608695652,0.130434782608696,4.951748204219529,2.3243811938001993,BACKTEST_INIT
823854,Miami Marlins,San Francisco Giants,0.5670995670995671,0.4329004329004329,0.1341991341991342,4.901444869018945,2.6987543249790584,BACKTEST_INIT
823855,Miami Marlins,Arizona Diamondbacks,0.6666666666666666,0.33333333333333337,0.33333333333333326,8.574686077724275,1.594774354611358,BACKTEST_INIT
823856,Miami Marlins,Arizona Diamondbacks,0.5694444444444445,0.43055555555555547,0.13888888888888906,9.746966805396104,4.863395809600667,BACKTEST_INIT
823857,Miami Marlins,Tampa Bay Rays,0.49774774774774777,0.5022522522522522,0.0045045045045044585,2.8268612793860033,3.9163728044392294,BACKTEST_INIT
823858,Miami Marlins,Arizona Diamondbacks,0.49671772428884037,0.5032822757111597,0.00656455142231932,2.071410019612851,3.1612654239351183,BACKTEST_INIT
823859,Miami Marlins,Tampa Bay Rays,0.4942791762013729,0.505720823798627,0.011441647597254134,2.0229819902236237,5.188962390285456,BACKTEST_INIT
823860,Miami Marlins,Tampa Bay Rays,0.5754716981132075,0.42452830188679247,0.15094339622641506,4.672655604762191,2.5902692999688948,BACKTEST_INIT
823861,Miami Marlins,New York Mets,0.5765306122448979,0.4234693877551021,0.15306122448979576,2.9123438368024854,2.172732471858157,BACKTEST_INIT
823862,Miami Marlins,New York Mets,0.48830409356725135,0.5116959064327486,0.023391812865497297,2.2152940945098374,2.321076016415941,BACKTEST_INIT
823863,Miami Marlins,New York Mets,0.4894894894894894,0.5105105105105106,0.021021021021021158,2.2857210800913066,5.4103325918366725,BACKTEST_INIT
823864,Miami Marlins,Atlanta Braves,0.25,0.75,0.5,2.348388002481135,8.723831487965002,BACKTEST_INIT
823865,Miami Marlins,Atlanta Braves,0.6666666666666666,0.33333333333333337,0.33333333333333326,9.059605183661377,1.2635891090237918,BACKTEST_INIT
823866,Miami Marlins,Atlanta Braves,0.25,0.75,0.5,3.461260136327806,8.493116673878216,BACKTEST_INIT
823867,Miami Marlins,Atlanta Braves,0.25,0.75,0.5,1.728732346565978,9.546861555264108,BACKTEST_INIT
823868,Miami Marlins,Washington Nationals,0.573170731707317,0.426829268292683,0.14634146341463405,8.356702700922037,6.211806387334128,BACKTEST_INIT
823869,Miami Marlins,Washington Nationals,0.48314606741573035,0.5168539325842696,0.03370786516853924,2.4840868316913247,3.6910456744748315,BACKTEST_INIT
823870,Miami Marlins,Baltimore Orioles,0.4860557768924303,0.5139442231075697,0.027888446215139417,4.436690550999931,7.144765165115658,BACKTEST_INIT
823871,Miami Marlins,Washington Nationals,0.48828125000000006,0.51171875,0.023437499999999944,2.8972677467619348,5.194479725682246,BACKTEST_INIT
823872,Miami Marlins,Baltimore Orioles,0.4857142857142857,0.5142857142857142,0.028571428571428525,5.470735973913063,8.871232141745484,BACKTEST_INIT
823873,Miami Marlins,Baltimore Orioles,0.5842293906810035,0.41577060931899645,0.1684587813620071,3.7212711141975428,2.4209978125773355,BACKTEST_INIT
823874,Miami Marlins,Philadelphia Phillies,0.4827586206896552,0.5172413793103448,0.03448275862068956,2.9613421874237362,6.107035827006329,BACKTEST_INIT
823875,Miami Marlins,Philadelphia Phillies,0.5789473684210525,0.42105263157894746,0.1578947368421051,4.143934386038961,1.9448186920542674,BACKTEST_INIT
823876,Miami Marlins,Philadelphia Phillies,0.48847926267281105,0.511520737327189,0.02304147465437789,3.9669688046405787,4.796185175738771,BACKTEST_INIT
823877,Miami Marlins,Philadelphia Phillies,0.49047619047619045,0.5095238095238095,0.019047619047619035,3.516766057953778,3.691472789982758,BACKTEST_INIT
823878,Miami Marlins,St. Louis Cardinals,0.46258503401360546,0.5374149659863945,0.07482993197278903,3.7781883450656406,4.214194520996993,BACKTEST_INIT
823879,Miami Marlins,St. Louis Cardinals,0.46923076923076923,0.5307692307692308,0.06153846153846154,6.4249200981685775,6.592416998317539,BACKTEST_INIT
823880,Miami Marlins,St. Louis Cardinals,0.6021505376344086,0.3978494623655914,0.20430107526881724,5.88076524610441,3.97577114258221,BACKTEST_INIT
823881,Miami Marlins,Milwaukee Brewers,0.475,0.525,0.050000000000000044,3.1516803281262304,5.854077461092855,BACKTEST_INIT
823882,Miami Marlins,Milwaukee Brewers,0.4818181818181818,0.5181818181818182,0.036363636363636376,3.6643389840839973,6.057778699353005,BACKTEST_INIT
823883,Miami Marlins,Milwaukee Brewers,0.4950495049504951,0.504950495049505,0.009900990099009854,2.7712082125463278,2.733831660684717,BACKTEST_INIT
823884,Miami Marlins,Cincinnati Reds,0.603448275862069,0.39655172413793105,0.2068965517241379,6.508435035890754,4.552129457473873,BACKTEST_INIT
823885,Miami Marlins,Cincinnati Reds,0.46511627906976744,0.5348837209302326,0.06976744186046518,2.6760396600894287,4.886517519922115,BACKTEST_INIT
823886,Miami Marlins,Cincinnati Reds,0.6086956521739131,0.3913043478260869,0.21739130434782616,4.400031513902309,3.322166473585238,BACKTEST_INIT
823887,Miami Marlins,Cincinnati Reds,0.4444444444444444,0.5555555555555556,0.11111111111111116,2.5674777659896413,2.95483002380416,BACKTEST_INIT
823888,Miami Marlins,Chicago White Sox,0.5263157894736842,0.4736842105263158,0.05263157894736836,4.642299579617603,8.034014079343399,BACKTEST_INIT
823889,Miami Marlins,Chicago White Sox,0.6666666666666666,0.33333333333333337,0.33333333333333326,7.999842171053655,1.7959357004476992,BACKTEST_INIT
823890,Miami Marlins,Chicago White Sox,0.6395,0.3605,0.27899999999999997,5.163198150028102,4.097646868262757,BACKTEST_INIT
823891,Miami Marlins,Colorado Rockies,0.64314,0.35686,0.28628000000000003,3.4495174592456914,2.5435824207788595,BACKTEST_INIT
823892,Miami Marlins,Colorado Rockies,0.62892,0.37108,0.25784,3.09545262902493,2.342937164670697,BACKTEST_INIT
823893,Miami Marlins,Colorado Rockies,0.5648,0.4352,0.1296,4.891122813238491,4.4372158350771045,BACKTEST_INIT
823901,Los Angeles Dodgers,Cincinnati Reds,0.5411471321695761,0.4588528678304239,0.08229426433915221,5.900845789990627,3.8365854961024004,BACKTEST_INIT
823902,Los Angeles Dodgers,Cincinnati Reds,0.5058479532163742,0.4941520467836258,0.011695906432748426,5.762674903537486,6.478367146613573,BACKTEST_INIT
823903,Los Angeles Dodgers,Washington Nationals,0.5393634840871021,0.4606365159128979,0.07872696817420421,5.688759873997803,3.8347862322775845,BACKTEST_INIT
823904,Los Angeles Dodgers,Washington Nationals,0.5417017691659646,0.4582982308340354,0.08340353833192915,4.898993456034361,2.001220118064136,BACKTEST_INIT
823905,Los Angeles Dodgers,Washington Nationals,0.5419847328244275,0.4580152671755725,0.08396946564885499,5.212338565419191,1.7242808216973422,BACKTEST_INIT
823906,Los Angeles Dodgers,St. Louis Cardinals,0.5056818181818182,0.49431818181818177,0.011363636363636465,7.344795409136928,8.689829167692073,BACKTEST_INIT
823907,Los Angeles Dodgers,St. Louis Cardinals,0.5045045045045045,0.49549549549549554,0.009009009009008917,6.302946930300858,8.046447276487577,BACKTEST_INIT
823908,Los Angeles Dodgers,St. Louis Cardinals,0.544750430292599,0.45524956970740105,0.0895008605851979,5.090340974759216,3.061707598013876,BACKTEST_INIT
823909,Los Angeles Dodgers,Pittsburgh Pirates,0.5440222428174233,0.4559777571825767,0.08804448563484657,4.182173156136465,3.996225489421084,BACKTEST_INIT
823910,Los Angeles Dodgers,Pittsburgh Pirates,0.5067466266866567,0.4932533733133433,0.013493253373313419,3.8601816782880176,4.19841431752549,BACKTEST_INIT
823911,Los Angeles Dodgers,Pittsburgh Pirates,0.5067466266866567,0.4932533733133433,0.013493253373313419,2.6855689890635466,4.279849295615599,BACKTEST_INIT
823912,Los Angeles Dodgers,Milwaukee Brewers,0.5074441687344913,0.4925558312655087,0.014888337468982549,2.3915172166213625,3.0038616836641063,BACKTEST_INIT
823913,Los Angeles Dodgers,Milwaukee Brewers,0.5064629847238542,0.4935370152761458,0.012925969447708408,3.529835191775873,4.589639975296619,BACKTEST_INIT
823914,Los Angeles Dodgers,Milwaukee Brewers,0.539795918367347,0.46020408163265303,0.07959183673469394,3.0850198075578534,2.056750235241185,BACKTEST_INIT
823915,Los Angeles Dodgers,Milwaukee Brewers,0.5064782096584216,0.4935217903415784,0.012956419316843215,3.3176039488721942,4.380559311517402,BACKTEST_INIT
823916,Los Angeles Dodgers,Kansas City Royals,0.5402298850574713,0.45977011494252873,0.08045977011494254,5.134467440660519,3.9193208760673635,BACKTEST_INIT
823917,Los Angeles Dodgers,Kansas City Royals,0.5421245421245421,0.4578754578754579,0.08424908424908417,5.924399918942135,4.244322967667193,BACKTEST_INIT
823918,Los Angeles Dodgers,Kansas City Royals,0.5421245421245421,0.4578754578754579,0.08424908424908417,5.939600566803444,3.740511983851146,BACKTEST_INIT
823919,Los Angeles Dodgers,Boston Red Sox,0.5339805825242718,0.46601941747572817,0.06796116504854366,2.777954234963281,2.2516067593403917,BACKTEST_INIT
823920,Los Angeles Dodgers,Boston Red Sox,0.25,0.75,0.5,3.380796984434908,9.02890401871273,BACKTEST_INIT
823921,Los Angeles Dodgers,Seattle Mariners,0.5433962264150943,0.45660377358490567,0.08679245283018866,4.784456472264013,3.055378047979931,BACKTEST_INIT
823922,Los Angeles Dodgers,Boston Red Sox,0.5039473684210526,0.4960526315789474,0.007894736842105177,3.194449261795257,3.330897691478903,BACKTEST_INIT
823923,Los Angeles Dodgers,Seattle Mariners,0.5437262357414449,0.45627376425855515,0.0874524714828897,8.559176781039659,5.088528446839736,BACKTEST_INIT
823924,Los Angeles Dodgers,Seattle Mariners,0.5132275132275133,0.48677248677248675,0.02645502645502651,6.503083901075859,6.106987112642468,BACKTEST_INIT
823925,Los Angeles Dodgers,Arizona Diamondbacks,0.25,0.75,0.5,1.997619122356641,8.424260610388966,BACKTEST_INIT
823926,Los Angeles Dodgers,Arizona Diamondbacks,0.25,0.75,0.5,2.1180517763535667,8.831152397870753,BACKTEST_INIT
823927,Los Angeles Dodgers,Arizona Diamondbacks,0.49522292993630573,0.5047770700636942,0.009554140127388477,1.6125735837713036,2.6788050252835096,BACKTEST_INIT
823928,Los Angeles Dodgers,Colorado Rockies,0.49185667752442996,0.50814332247557,0.016286644951140072,1.932587876384589,4.630530281738486,BACKTEST_INIT
823929,Los Angeles Dodgers,Colorado Rockies,0.5619834710743802,0.4380165289256198,0.12396694214876036,8.65324128804317,6.495622972959489,BACKTEST_INIT
823930,Los Angeles Dodgers,Colorado Rockies,0.48929159802306427,0.5107084019769357,0.02141680395387141,3.4648785267218436,5.338371997360192,BACKTEST_INIT
823931,Los Angeles Dodgers,San Diego Padres,0.5625,0.4375,0.125,2.8299401344258386,1.6700555743902044,BACKTEST_INIT
823932,Los Angeles Dodgers,San Diego Padres,0.49066213921901536,0.5093378607809846,0.018675721561969283,2.7259947471535124,3.9780824288411396,BACKTEST_INIT
823933,Los Angeles Dodgers,San Diego Padres,0.5672268907563024,0.4327731092436976,0.1344537815126048,9.903258191669469,6.191720084414962,BACKTEST_INIT
823934,Los Angeles Dodgers,Baltimore Orioles,0.5051759834368531,0.4948240165631469,0.010351966873706209,2.9643326649087336,3.181319967094929,BACKTEST_INIT
823935,Los Angeles Dodgers,San Diego Padres,0.4905335628227194,0.5094664371772806,0.018932874354561147,3.473140875705056,4.516880514294487,BACKTEST_INIT
823936,Los Angeles Dodgers,Baltimore Orioles,0.6130034982508746,0.38699650174912537,0.22600699650174927,5.287285189952648,1.4862998866687467,BACKTEST_INIT
823937,Los Angeles Dodgers,Baltimore Orioles,0.5670995670995671,0.4329004329004329,0.1341991341991342,5.484394087413241,3.2188096037758553,BACKTEST_INIT
823938,Los Angeles Dodgers,Tampa Bay Rays,0.5069860279441117,0.49301397205588826,0.013972055888223478,6.582783425873267,6.94570488480006,BACKTEST_INIT
823939,Los Angeles Dodgers,Tampa Bay Rays,0.5695067264573991,0.4304932735426009,0.13901345291479816,4.694589373369304,3.5585548219791177,BACKTEST_INIT
823940,Los Angeles Dodgers,Tampa Bay Rays,0.5707964601769913,0.42920353982300874,0.14159292035398252,2.246077330626984,1.6330464131173406,BACKTEST_INIT
823941,Los Angeles Dodgers,Los Angeles Angels,0.6666666666666666,0.33333333333333337,0.33333333333333326,9.860236550467421,2.2697437083242273,BACKTEST_INIT
823942,Los Angeles Dodgers,Los Angeles Angels,0.4942791762013729,0.505720823798627,0.011441647597254134,2.2336415587014717,2.405214004834006,BACKTEST_INIT
823943,Los Angeles Dodgers,Los Angeles Angels,0.5754716981132075,0.42452830188679247,0.15094339622641506,4.554845393596295,3.341285181954478,BACKTEST_INIT
823944,Los Angeles Dodgers,Philadelphia Phillies,0.4875,0.5125,0.024999999999999967,2.693597480064587,2.8036384560534886,BACKTEST_INIT
823945,Los Angeles Dodgers,Philadelphia Phillies,0.5411764705882353,0.45882352941176474,0.08235294117647052,2.5298744192698708,2.0318225644247754,BACKTEST_INIT
823946,Los Angeles Dodgers,Philadelphia Phillies,0.4753246753246753,0.5246753246753246,0.04935064935064931,1.4675333469498093,1.9964772774776995,BACKTEST_INIT
823947,Los Angeles Dodgers,Colorado Rockies,0.6666666666666666,0.33333333333333337,0.33333333333333326,11.69177074018177,4.677717261778282,BACKTEST_INIT
823948,Los Angeles Dodgers,Colorado Rockies,0.6666666666666666,0.33333333333333337,0.33333333333333326,6.528018464670414,1.532458977977259,BACKTEST_INIT
823949,Los Angeles Dodgers,Colorado Rockies,0.5810055865921788,0.4189944134078212,0.16201117318435765,5.816167648425663,2.019294618486554,BACKTEST_INIT
823950,Los Angeles Dodgers,San Francisco Giants,0.5823529411764706,0.41764705882352937,0.16470588235294126,3.3620092188423065,1.1366082756394154,BACKTEST_INIT
823951,Los Angeles Dodgers,San Francisco Giants,0.4964788732394366,0.5035211267605634,0.007042253521126751,3.8076529070889524,8.130807851389811,BACKTEST_INIT
823952,Los Angeles Dodgers,San Francisco Giants,0.49310344827586217,0.5068965517241378,0.013793103448275668,3.0405029180715775,6.815520328039069,BACKTEST_INIT
823953,Los Angeles Dodgers,San Francisco Giants,0.5741935483870968,0.4258064516129032,0.1483870967741936,5.7863686548082125,5.13779431778226,BACKTEST_INIT
823954,Los Angeles Dodgers,Atlanta Braves,0.4927007299270073,0.5072992700729927,0.014598540145985384,2.9176492972403114,5.94486085624384,BACKTEST_INIT
823955,Los Angeles Dodgers,Atlanta Braves,0.5737704918032787,0.42622950819672134,0.14754098360655732,3.540760756811418,2.3203029080506936,BACKTEST_INIT
823956,Los Angeles Dodgers,Miami Marlins,0.5854700854700854,0.4145299145299146,0.17094017094017078,5.53394052729003,2.353671837209024,BACKTEST_INIT
823957,Los Angeles Dodgers,Atlanta Braves,0.573170731707317,0.426829268292683,0.14634146341463405,6.821565597161861,2.5570520627241606,BACKTEST_INIT
823958,Los Angeles Dodgers,Miami Marlins,0.4898989898989899,0.5101010101010102,0.020202020202020277,1.9615734381161583,2.2861662607591846,BACKTEST_INIT
823959,Los Angeles Dodgers,Chicago Cubs,0.5826720272150921,0.41732797278490785,0.1653440544301843,10.060650615657671,4.578952312196807,BACKTEST_INIT
823960,Los Angeles Dodgers,Chicago Cubs,0.48502994011976047,0.5149700598802396,0.02994011976047911,4.7523580941426244,5.169899350005186,BACKTEST_INIT
823961,Los Angeles Dodgers,Miami Marlins,0.6666666666666666,0.33333333333333337,0.33333333333333326,6.256636519285488,1.3821239865764139,BACKTEST_INIT
823962,Los Angeles Dodgers,Chicago Cubs,0.5885167464114832,0.4114832535885168,0.17703349282296643,6.672098301574986,4.094919512137498,BACKTEST_INIT
823963,Los Angeles Dodgers,New York Mets,0.609271523178808,0.39072847682119205,0.2185430463576159,2.590970927421149,1.9266487623779383,BACKTEST_INIT
823964,Los Angeles Dodgers,New York Mets,0.44871794871794873,0.5512820512820513,0.10256410256410259,2.0481956861655726,3.816279105542227,BACKTEST_INIT
823965,Los Angeles Dodgers,New York Mets,0.6153846153846154,0.3846153846153846,0.23076923076923084,2.8115979655329735,1.9997903120724003,BACKTEST_INIT
823966,Los Angeles Dodgers,Texas Rangers,0.6106870229007634,0.3893129770992366,0.22137404580152675,6.667704088383301,4.06239607462906,BACKTEST_INIT
823967,Los Angeles Dodgers,Texas Rangers,0.6097560975609756,0.3902439024390244,0.2195121951219512,8.401612039908787,5.642975997605581,BACKTEST_INIT
823968,Los Angeles Dodgers,Texas Rangers,0.4339622641509434,0.5660377358490566,0.13207547169811318,1.9731059609764199,2.5714681276318343,BACKTEST_INIT
823969,Los Angeles Dodgers,Cleveland Guardians,0.5263157894736842,0.4736842105263158,0.05263157894736836,2.7364932005269993,2.876039836109672,BACKTEST_INIT
823970,Los Angeles Dodgers,Cleveland Guardians,0.62,0.38,0.24,3.1115367130486646,2.122406839204255,BACKTEST_INIT
823971,Los Angeles Dodgers,Arizona Diamondbacks,0.89188,0.10812,0.78376,7.553937869067212,3.12154306174531,BACKTEST_INIT
823972,Los Angeles Dodgers,Cleveland Guardians,0.89388,0.10612,0.78776,6.065567976789538,2.207273346807556,BACKTEST_INIT
823973,Los Angeles Dodgers,Arizona Diamondbacks,0.74508,0.25492,0.49016,5.462565716544487,3.3015878405760963,BACKTEST_INIT
823974,Los Angeles Dodgers,Arizona Diamondbacks,0.58352,0.41648,0.16704000000000002,4.656813411582062,3.973932182516542,BACKTEST_INIT
823982,Los Angeles Angels,New York Yankees,0.5046082949308756,0.49539170506912444,0.009216589861751112,4.0601239240598,6.559960196291789,BACKTEST_INIT
823983,Los Angeles Angels,New York Yankees,0.5056818181818182,0.49431818181818177,0.011363636363636465,3.6527039171046045,6.3112205342721435,BACKTEST_INIT
823984,Los Angeles Angels,New York Yankees,0.6666666666666666,0.33333333333333337,0.33333333333333326,7.538992387898688,1.896106285975807,BACKTEST_INIT
823985,Los Angeles Angels,Philadelphia Phillies,0.5073170731707316,0.4926829268292684,0.014634146341463206,3.655960152396096,4.177569366450118,BACKTEST_INIT
823986,Los Angeles Angels,Philadelphia Phillies,0.5059171597633136,0.49408284023668636,0.01183431952662728,3.4416069922685812,4.475562544382583,BACKTEST_INIT
823987,Los Angeles Angels,Philadelphia Phillies,0.5057870370370371,0.4942129629629629,0.011574074074074181,2.7547410139278306,4.14143788221222,BACKTEST_INIT
823988,Los Angeles Angels,Cleveland Guardians,0.5079559363525091,0.49204406364749087,0.01591187270501826,4.36555735185325,7.074944066505484,BACKTEST_INIT
823989,Los Angeles Angels,Cleveland Guardians,0.5067264573991032,0.49327354260089684,0.013452914798206317,2.6140760832412995,4.0686285367540105,BACKTEST_INIT
823990,Los Angeles Angels,Kansas City Royals,0.5080745341614907,0.49192546583850927,0.016149068322981464,5.381484243615553,6.15934327496397,BACKTEST_INIT
823991,Los Angeles Angels,Kansas City Royals,0.5373134328358209,0.4626865671641791,0.07462686567164178,2.1430019797022153,1.422984400761221,BACKTEST_INIT
823992,Los Angeles Angels,Cleveland Guardians,0.5059880239520957,0.49401197604790426,0.011976047904191489,2.7590947367820386,4.270495320154669,BACKTEST_INIT
823993,Los Angeles Angels,Kansas City Royals,0.5405960945529291,0.4594039054470709,0.08119218910585824,4.928812520535282,2.820206804746722,BACKTEST_INIT
823994,Los Angeles Angels,Texas Rangers,0.5065243179122183,0.4934756820877817,0.013048635824436605,2.840872007884615,3.032825687201572,BACKTEST_INIT
823995,Los Angeles Angels,Texas Rangers,0.5424430641821946,0.45755693581780543,0.08488612836438914,3.861824748913865,2.7931107187106643,BACKTEST_INIT
823996,Los Angeles Angels,Milwaukee Brewers,0.5012820512820514,0.4987179487179486,0.002564102564102777,2.499413673995069,3.9144554725352885,BACKTEST_INIT
823997,Los Angeles Angels,Texas Rangers,0.5053763440860215,0.4946236559139785,0.010752688172043001,2.8020658105750185,4.640507605307043,BACKTEST_INIT
823998,Los Angeles Angels,Texas Rangers,0.5066344993968637,0.49336550060313633,0.013268998793727338,2.990902877715471,4.691393901655253,BACKTEST_INIT
823999,Los Angeles Angels,Milwaukee Brewers,0.5039473684210526,0.4960526315789474,0.007894736842105177,3.36954381579791,3.665009523461766,BACKTEST_INIT
824000,Los Angeles Angels,Milwaukee Brewers,0.5019455252918289,0.4980544747081711,0.0038910505836577958,2.8711121092986547,5.055753030335918,BACKTEST_INIT
824001,Los Angeles Angels,Houston Astros,0.5458015267175572,0.4541984732824428,0.09160305343511443,4.102213803095048,3.395442405808466,BACKTEST_INIT
824002,Los Angeles Angels,Houston Astros,0.5040214477211796,0.4959785522788204,0.008042895442359255,3.0644954168165945,3.9371752312994897,BACKTEST_INIT
824003,Los Angeles Angels,Houston Astros,0.5054347826086957,0.4945652173913043,0.010869565217391353,4.074912172447875,4.902639975143764,BACKTEST_INIT
824004,Los Angeles Angels,St. Louis Cardinals,0.5503875968992248,0.4496124031007752,0.10077519379844957,4.2363754615433615,2.116225742626459,BACKTEST_INIT
824005,Los Angeles Angels,St. Louis Cardinals,0.55078125,0.44921875,0.1015625,3.553209779947672,2.63674877337656,BACKTEST_INIT
824006,Los Angeles Angels,St. Louis Cardinals,0.4955357142857143,0.5044642857142857,0.008928571428571397,3.778877124854594,6.699960401984343,BACKTEST_INIT
824007,Los Angeles Angels,Detroit Tigers,0.25,0.75,0.5,1.5004399188973905,5.628338777198506,BACKTEST_INIT
824008,Los Angeles Angels,Detroit Tigers,0.4900459418070444,0.5099540581929556,0.019908116385911168,2.3597350325848905,2.790622936940218,BACKTEST_INIT
824009,Los Angeles Angels,Detroit Tigers,0.537174721189591,0.462825278810409,0.07434944237918195,3.581945772883298,2.915770389861062,BACKTEST_INIT
824010,Los Angeles Angels,Boston Red Sox,0.25,0.75,0.5,2.586729533238598,7.97578936442865,BACKTEST_INIT
824011,Los Angeles Angels,Athletics,0.5635593220338984,0.43644067796610164,0.12711864406779672,3.674705774968271,2.3067166457519175,BACKTEST_INIT
824012,Los Angeles Angels,Boston Red Sox,0.49066213921901536,0.5093378607809846,0.018675721561969283,2.701073954782851,3.338113778742703,BACKTEST_INIT
824013,Los Angeles Angels,Boston Red Sox,0.5672268907563024,0.4327731092436976,0.1344537815126048,2.900671342360745,1.5439421290847954,BACKTEST_INIT
824014,Los Angeles Angels,Athletics,0.5641025641025641,0.4358974358974359,0.1282051282051282,9.094054019536976,5.944721859301592,BACKTEST_INIT
824015,Los Angeles Angels,Athletics,0.25,0.75,0.5,2.2043815824224193,7.278809246168263,BACKTEST_INIT
824016,Los Angeles Angels,Baltimore Orioles,0.5041152263374485,0.49588477366255146,0.008230452674897082,3.6516290017722643,7.089718514278859,BACKTEST_INIT
824017,Los Angeles Angels,Baltimore Orioles,0.25,0.75,0.5,2.3737617907710487,6.663596087240062,BACKTEST_INIT
824018,Los Angeles Angels,Baltimore Orioles,0.5622317596566524,0.4377682403433476,0.1244635193133048,3.6299674570324445,1.6680198662761279,BACKTEST_INIT
824019,Los Angeles Angels,Tampa Bay Rays,0.5374149659863946,0.4625850340136054,0.0748299319727892,3.939996299230753,3.438995693628292,BACKTEST_INIT
824020,Los Angeles Angels,Tampa Bay Rays,0.524390243902439,0.47560975609756095,0.04878048780487809,4.060391655550424,3.8052401451906976,BACKTEST_INIT
824021,Los Angeles Angels,Tampa Bay Rays,0.6666666666666666,0.33333333333333337,0.33333333333333326,7.084363173003626,1.6368340173021019,BACKTEST_INIT
824022,Los Angeles Angels,Houston Astros,0.6666666666666666,0.33333333333333337,0.33333333333333326,8.04123149150729,2.2650961666308964,BACKTEST_INIT
824023,Los Angeles Angels,Houston Astros,0.5294117647058824,0.47058823529411764,0.05882352941176472,4.247165733695066,3.661281165194601,BACKTEST_INIT
824024,Los Angeles Angels,Colorado Rockies,0.25,0.75,0.5,2.6307382353413473,8.407645897401672,BACKTEST_INIT
824025,Los Angeles Angels,Houston Astros,0.5694444444444445,0.43055555555555547,0.13888888888888906,4.386809936761832,2.2128715128611383,BACKTEST_INIT
824026,Los Angeles Angels,Colorado Rockies,0.4950980392156863,0.5049019607843137,0.009803921568627416,6.426522694948295,8.902772630718562,BACKTEST_INIT
824027,Los Angeles Angels,Colorado Rockies,0.5277777777777778,0.4722222222222222,0.05555555555555558,4.95161787467887,5.095567321448473,BACKTEST_INIT
824028,Los Angeles Angels,Texas Rangers,0.5765306122448979,0.4234693877551021,0.15306122448979576,5.657288185237197,3.1211430137986818,BACKTEST_INIT
824029,Los Angeles Angels,Texas Rangers,0.4894894894894894,0.5105105105105106,0.021021021021021158,1.5933992259044387,2.1813563256646233,BACKTEST_INIT
824030,Los Angeles Angels,Texas Rangers,0.5765306122448979,0.4234693877551021,0.15306122448979576,8.148301475057579,4.726761946677931,BACKTEST_INIT
824031,Los Angeles Angels,Athletics,0.496951219512195,0.503048780487805,0.0060975609756099836,4.983230533737643,6.193668605434249,BACKTEST_INIT
824032,Los Angeles Angels,Athletics,0.504823151125402,0.495176848874598,0.009646302250803984,5.017620036761978,9.36840434045745,BACKTEST_INIT
824033,Los Angeles Angels,Athletics,0.5458937198067633,0.45410628019323673,0.09178743961352653,2.9505199954644876,2.7712658683051687,BACKTEST_INIT
824034,Los Angeles Angels,Los Angeles Dodgers,0.25,0.75,0.5,1.7916751672223539,10.110193547021773,BACKTEST_INIT
824035,Los Angeles Angels,Athletics,0.5813953488372093,0.41860465116279066,0.16279069767441867,5.362382685988196,4.022441468083539,BACKTEST_INIT
824036,Los Angeles Angels,Chicago White Sox,0.4857142857142857,0.5142857142857142,0.028571428571428525,2.3783108689860324,3.8825846371101047,BACKTEST_INIT
824037,Los Angeles Angels,Los Angeles Dodgers,0.5050167224080265,0.49498327759197347,0.010033444816053061,2.07773254046322,3.4595710404083304,BACKTEST_INIT
824038,Los Angeles Angels,Los Angeles Dodgers,0.5083056478405316,0.49169435215946844,0.01661129568106312,1.7247306506131357,5.047085314313846,BACKTEST_INIT
824039,Los Angeles Angels,Chicago White Sox,0.4827586206896552,0.5172413793103448,0.03448275862068956,2.225771749823009,4.316441393188344,BACKTEST_INIT
824040,Los Angeles Angels,Chicago White Sox,0.25,0.75,0.5,1.4754930435622975,5.144359777459995,BACKTEST_INIT
824041,Los Angeles Angels,New York Mets,0.5776892430278885,0.4223107569721115,0.15537848605577698,4.418884930991131,3.6418273300434354,BACKTEST_INIT
824042,Los Angeles Angels,New York Mets,0.5368663594469981,0.4631336405530019,0.07373271889399624,3.8595151984287623,3.7565947028124382,BACKTEST_INIT
824043,Los Angeles Angels,New York Mets,0.5789473684210525,0.42105263157894746,0.1578947368421051,3.931915667853511,3.5446981736007377,BACKTEST_INIT
824044,Los Angeles Angels,Toronto Blue Jays,0.46258503401360546,0.5374149659863945,0.07482993197278903,2.5016468249414165,3.9640723277422736,BACKTEST_INIT
824045,Los Angeles Angels,Toronto Blue Jays,0.4666666666666667,0.5333333333333333,0.06666666666666665,2.7122193329373623,4.017245267156989,BACKTEST_INIT
824046,Los Angeles Angels,Toronto Blue Jays,0.46923076923076923,0.5307692307692308,0.06153846153846154,3.02960612965992,3.6418026050894463,BACKTEST_INIT
824047,Los Angeles Angels,San Diego Padres,0.475,0.525,0.050000000000000044,2.10767312220714,2.723419368565174,BACKTEST_INIT
824048,Los Angeles Angels,San Diego Padres,0.4950495049504951,0.504950495049505,0.009900990099009854,3.7787102961408037,5.080387477539254,BACKTEST_INIT
824049,Los Angeles Angels,San Diego Padres,0.6185924581568866,0.38140754184311343,0.23718491631377314,5.9025933139613915,1.8722848881881864,BACKTEST_INIT
824050,Los Angeles Angels,Atlanta Braves,0.46511627906976744,0.5348837209302326,0.06976744186046518,3.1645570242929795,6.144451389726531,BACKTEST_INIT
824051,Los Angeles Angels,Atlanta Braves,0.5963302752293578,0.4036697247706422,0.19266055045871555,5.8050537774913185,3.120086598259892,BACKTEST_INIT
824052,Los Angeles Angels,Atlanta Braves,0.6086956521739131,0.3913043478260869,0.21739130434782616,5.749263195603399,4.3478478720370575,BACKTEST_INIT
824053,Los Angeles Angels,Seattle Mariners,0.6097560975609756,0.3902439024390244,0.2195121951219512,1.9994334838199905,1.6894097639546608,BACKTEST_INIT
824054,Los Angeles Angels,Seattle Mariners,0.5217391304347826,0.4782608695652174,0.04347826086956519,2.3843957128157505,4.066770527590201,BACKTEST_INIT
824056,Los Angeles Angels,Seattle Mariners,0.5238095238095238,0.47619047619047616,0.04761904761904767,3.5247104396201765,5.740856718291571,BACKTEST_INIT
824062,Kansas City Royals,Arizona Diamondbacks,0.5396825396825398,0.46031746031746024,0.07936507936507953,3.561940127091092,2.165331921738245,BACKTEST_INIT
824063,Kansas City Royals,Arizona Diamondbacks,0.5058479532163742,0.4941520467836258,0.011695906432748426,3.820486975118487,3.763895660005862,BACKTEST_INIT
824065,Kansas City Royals,Toronto Blue Jays,0.5050167224080266,0.49498327759197336,0.010033444816053283,2.5411077755517533,3.5602669473187145,BACKTEST_INIT
824066,Kansas City Royals,Toronto Blue Jays,0.25,0.75,0.5,2.7653155753011336,8.430720252996554,BACKTEST_INIT
824067,Kansas City Royals,Toronto Blue Jays,0.506145251396648,0.493854748603352,0.012290502793296021,3.2703879387542436,5.587833510474708,BACKTEST_INIT
824068,Kansas City Royals,Miami Marlins,0.5056818181818182,0.49431818181818177,0.011363636363636465,3.3791927792443426,6.461024557622959,BACKTEST_INIT
824069,Kansas City Royals,Miami Marlins,0.5045045045045045,0.49549549549549554,0.009009009009008917,4.889379470592168,7.76049873331199,BACKTEST_INIT
824070,Kansas City Royals,Miami Marlins,0.5045766590389016,0.4954233409610984,0.009153318077803174,3.5342143974564975,6.881414270599967,BACKTEST_INIT
824071,Kansas City Royals,Detroit Tigers,0.5440222428174233,0.4559777571825767,0.08804448563484657,3.921950304276535,1.9427695091956956,BACKTEST_INIT
824072,Kansas City Royals,Detroit Tigers,0.5384615384615384,0.46153846153846156,0.07692307692307687,4.074123359370563,2.421633137816105,BACKTEST_INIT
824073,Kansas City Royals,Detroit Tigers,0.5427230046948357,0.4572769953051643,0.0854460093896714,4.09989638287841,2.1488270928219873,BACKTEST_INIT
824074,Kansas City Royals,Athletics,0.5384615384615384,0.46153846153846156,0.07692307692307687,9.110745996676131,5.7048051989653565,BACKTEST_INIT
824075,Kansas City Royals,Athletics,0.5384615384615384,0.46153846153846156,0.07692307692307687,8.960983289354477,4.182237814182143,BACKTEST_INIT
824076,Kansas City Royals,Athletics,0.5067466266866567,0.4932533733133433,0.013493253373313419,3.41850151353276,3.7557928499948217,BACKTEST_INIT
824077,Kansas City Royals,Athletics,0.532258064516129,0.467741935483871,0.06451612903225801,3.509551659294818,3.498849497324845,BACKTEST_INIT
824078,Kansas City Royals,Chicago Cubs,0.5441176470588235,0.4558823529411765,0.08823529411764697,4.540130091397275,3.552905834171818,BACKTEST_INIT
824079,Kansas City Royals,Chicago Cubs,0.5048899755501222,0.49511002444987784,0.009779951100244322,2.8977912909941486,5.398843882708297,BACKTEST_INIT
824080,Kansas City Royals,Minnesota Twins,0.5055762081784386,0.4944237918215614,0.011152416356877248,2.2280870902046686,2.234044930407578,BACKTEST_INIT
824081,Kansas City Royals,Chicago Cubs,0.5049382716049383,0.4950617283950617,0.009876543209876631,2.2012451933174266,4.859923888455532,BACKTEST_INIT
824082,Kansas City Royals,Minnesota Twins,0.5464684014869888,0.45353159851301117,0.09293680297397766,7.372950648155253,3.0810977416877585,BACKTEST_INIT
824083,Kansas City Royals,San Francisco Giants,0.5266666666666666,0.4733333333333334,0.05333333333333323,3.3455261943446493,2.89550238291207,BACKTEST_INIT
824084,Kansas City Royals,Minnesota Twins,0.5006305170239596,0.49936948297604045,0.0012610340479191073,3.74815542946598,5.995022151376171,BACKTEST_INIT
824085,Kansas City Royals,San Francisco Giants,0.5000000000000002,0.4999999999999998,4.440892098500626e-16,3.7359746812186527,3.774972007290156,BACKTEST_INIT
824086,Kansas City Royals,San Diego Padres,0.6666666666666666,0.33333333333333337,0.33333333333333326,5.792707108547685,1.4441174699993038,BACKTEST_INIT
824087,Kansas City Royals,San Francisco Giants,0.4955357142857143,0.5044642857142857,0.008928571428571397,3.6172310478261167,5.762411428244542,BACKTEST_INIT
824088,Kansas City Royals,San Diego Padres,0.4900459418070444,0.5099540581929556,0.019908116385911168,6.777701242442796,7.233723067289133,BACKTEST_INIT
824089,Kansas City Royals,Philadelphia Phillies,0.5619834710743802,0.4380165289256198,0.12396694214876036,3.7437099261335725,3.012037804681507,BACKTEST_INIT
824090,Kansas City Royals,San Diego Padres,0.25,0.75,0.5,2.4486570882308523,7.016763742980233,BACKTEST_INIT
824091,Kansas City Royals,Philadelphia Phillies,0.490787269681742,0.509212730318258,0.018425460636515956,2.376303207255363,5.09393887232486,BACKTEST_INIT
824092,Kansas City Royals,Philadelphia Phillies,0.5648535564853556,0.4351464435146444,0.12970711297071125,2.966034902864976,1.809042175046804,BACKTEST_INIT
824093,Kansas City Royals,Tampa Bay Rays,0.4905335628227194,0.5094664371772806,0.018932874354561147,1.5706204605064416,2.808526414363374,BACKTEST_INIT
824094,Kansas City Royals,Tampa Bay Rays,0.25,0.75,0.5,3.0203287290797287,9.533989993731462,BACKTEST_INIT
824095,Kansas City Royals,St. Louis Cardinals,0.5622317596566524,0.4377682403433476,0.1244635193133048,6.36962771592445,4.606420281305807,BACKTEST_INIT
824096,Kansas City Royals,Tampa Bay Rays,0.4928825622775801,0.5071174377224199,0.014234875444839812,1.9379702116617212,4.7659382078972365,BACKTEST_INIT
824097,Kansas City Royals,St. Louis Cardinals,0.565217391304348,0.434782608695652,0.130434782608696,9.153007658256836,4.401749208591246,BACKTEST_INIT
824098,Kansas City Royals,St. Louis Cardinals,0.572637628554144,0.427362371445856,0.14527525710828804,5.867452176058121,1.940967618412129,BACKTEST_INIT
824099,Kansas City Royals,Houston Astros,0.5040650406504066,0.4959349593495934,0.008130081300813163,6.84239204451059,7.527419623291561,BACKTEST_INIT
824100,Kansas City Royals,Houston Astros,0.5030800821355236,0.4969199178644764,0.006160164271047153,8.15985267309816,10.47301915637586,BACKTEST_INIT
824101,Kansas City Royals,Texas Rangers,0.5010570824524313,0.4989429175475687,0.0021141649048626032,4.129693710496983,5.089598599328939,BACKTEST_INIT
824102,Kansas City Royals,Houston Astros,0.5707762557077626,0.4292237442922374,0.14155251141552516,3.350912691625213,2.0598824891362923,BACKTEST_INIT
824103,Kansas City Royals,Texas Rangers,0.5196078431372549,0.48039215686274506,0.03921568627450989,4.241889813961315,3.9332488689635143,BACKTEST_INIT
824104,Kansas City Royals,New York Yankees,0.25,0.75,0.5,2.3914429402154735,10.116637443604603,BACKTEST_INIT
824105,Kansas City Royals,Texas Rangers,0.25,0.75,0.5,2.663491803227813,7.10988624832869,BACKTEST_INIT
824106,Kansas City Royals,New York Yankees,0.4808743169398907,0.5191256830601093,0.03825136612021862,3.4072977123795254,3.801006116540579,BACKTEST_INIT
824107,Kansas City Royals,New York Yankees,0.48467966573816157,0.5153203342618384,0.03064066852367686,3.531751564638525,3.6627386057174665,BACKTEST_INIT
824108,Kansas City Royals,Seattle Mariners,0.5765306122448979,0.4234693877551021,0.15306122448979576,3.316197367900064,1.7061430244628357,BACKTEST_INIT
824109,Kansas City Royals,Seattle Mariners,0.48830409356725135,0.5116959064327486,0.023391812865497297,1.5087146262907658,2.9615761471271393,BACKTEST_INIT
824110,Kansas City Royals,Seattle Mariners,0.4894894894894894,0.5105105105105106,0.021021021021021158,1.946779086998015,3.6245173164519517,BACKTEST_INIT
824111,Kansas City Royals,Boston Red Sox,0.25,0.75,0.5,1.915273277996976,6.268631448030531,BACKTEST_INIT
824112,Kansas City Royals,Boston Red Sox,0.5080906148867314,0.49190938511326865,0.016181229773462702,2.0658357694221685,2.67804289403149,BACKTEST_INIT
824113,Kansas City Royals,Detroit Tigers,0.573170731707317,0.426829268292683,0.14634146341463405,4.277021080434853,2.2339083632087586,BACKTEST_INIT
824114,Kansas City Royals,Boston Red Sox,0.5813953488372093,0.41860465116279066,0.16279069767441867,4.80481632847772,2.833741794021554,BACKTEST_INIT
824115,Kansas City Royals,Detroit Tigers,0.5737704918032787,0.42622950819672134,0.14754098360655732,4.218157467361964,3.6384268868926783,BACKTEST_INIT
824116,Kansas City Royals,Detroit Tigers,0.48828125000000006,0.51171875,0.023437499999999944,4.337682238691231,6.583473404106614,BACKTEST_INIT
824117,Kansas City Royals,Cleveland Guardians,0.4860557768924303,0.5139442231075697,0.027888446215139417,2.12311243920163,2.323039406901238,BACKTEST_INIT
824118,Kansas City Royals,Cleveland Guardians,0.5798611111111112,0.42013888888888884,0.15972222222222232,5.309819378514332,2.1172637494590543,BACKTEST_INIT
824119,Kansas City Royals,Cleveland Guardians,0.5842293906810035,0.41577060931899645,0.1684587813620071,5.713354764386236,1.8408724350825003,BACKTEST_INIT
824120,Kansas City Royals,Cleveland Guardians,0.5823768772548034,0.41762312274519664,0.16475375450960672,6.011754201038675,1.9211994680364335,BACKTEST_INIT
824121,Kansas City Royals,Los Angeles Angels,0.5806451612903226,0.4193548387096774,0.16129032258064524,4.843338537649967,3.6905625512839335,BACKTEST_INIT
824122,Kansas City Royals,Los Angeles Angels,0.6666666666666666,0.33333333333333337,0.33333333333333326,9.510174336398,2.4103968581587756,BACKTEST_INIT
824123,Kansas City Royals,Baltimore Orioles,0.46258503401360546,0.5374149659863945,0.07482993197278903,5.151525207377022,5.906555404661605,BACKTEST_INIT
824124,Kansas City Royals,Los Angeles Angels,0.25,0.75,0.5,2.2514806213064675,7.343095333249863,BACKTEST_INIT
824125,Kansas City Royals,Baltimore Orioles,0.46923076923076923,0.5307692307692308,0.06153846153846154,3.9578227968274264,4.719216943506758,BACKTEST_INIT
824126,Kansas City Royals,Chicago White Sox,0.4807692307692308,0.5192307692307692,0.03846153846153838,1.741071914908699,2.030307122136629,BACKTEST_INIT
824127,Kansas City Royals,Baltimore Orioles,0.4666666666666667,0.5333333333333333,0.06666666666666665,4.3048869598384,6.1927488195046,BACKTEST_INIT
824128,Kansas City Royals,Chicago White Sox,0.4339622641509434,0.5660377358490566,0.13207547169811318,1.6588804632965601,3.0655078853168956,BACKTEST_INIT
824129,Kansas City Royals,Chicago White Sox,0.4782608695652174,0.5217391304347826,0.04347826086956519,1.7043741615260775,2.4398119421433795,BACKTEST_INIT
824130,Kansas City Royals,Chicago White Sox,0.4532495714402329,0.5467504285597671,0.09350085711953415,3.482054387257399,4.902349497999329,BACKTEST_INIT
824131,Kansas City Royals,Milwaukee Brewers,0.6097560975609756,0.3902439024390244,0.2195121951219512,7.934328336436391,3.4307742203252873,BACKTEST_INIT
824132,Kansas City Royals,Milwaukee Brewers,0.5217391304347826,0.4782608695652174,0.04347826086956519,1.2798607694788737,1.2902513613176954,BACKTEST_INIT
824133,Kansas City Royals,Minnesota Twins,0.6507936507936508,0.3492063492063492,0.3015873015873016,9.524165666476538,9.381474445493405,BACKTEST_INIT
824134,Kansas City Royals,Milwaukee Brewers,0.5217391304347826,0.4782608695652174,0.04347826086956519,1.2542635540892964,1.2644463340913414,BACKTEST_INIT
824135,Kansas City Royals,Minnesota Twins,0.73716,0.26284,0.47432,5.354532440244202,3.421243126092908,BACKTEST_INIT
824136,Kansas City Royals,Minnesota Twins,0.62,0.38,0.24,3.6660575880654247,2.1698121366546035,BACKTEST_INIT
824142,Houston Astros,Arizona Diamondbacks,0.5050167224080266,0.49498327759197336,0.010033444816053283,2.468139531920378,2.3788686768003053,BACKTEST_INIT
824144,Houston Astros,Chicago White Sox,0.5415959252971138,0.45840407470288624,0.08319185059422751,1.90273815021994,1.580716831809212,BACKTEST_INIT
824145,Houston Astros,Arizona Diamondbacks,0.5417017691659646,0.4582982308340354,0.08340353833192915,2.4909790674864,1.546229037733338,BACKTEST_INIT
824146,Houston Astros,Arizona Diamondbacks,0.5419847328244275,0.4580152671755725,0.08396946564885499,2.273120979644533,1.590221216261332,BACKTEST_INIT
824147,Houston Astros,Chicago White Sox,0.5056818181818182,0.49431818181818177,0.011363636363636465,1.9894239338682773,4.137245090980471,BACKTEST_INIT
824148,Houston Astros,Chicago White Sox,0.544750430292599,0.45524956970740105,0.0895008605851979,5.466554439257554,3.3315537891548814,BACKTEST_INIT
824149,Houston Astros,Chicago White Sox,0.5441176470588235,0.4558823529411765,0.08823529411764697,4.257039145875873,3.1769961387583736,BACKTEST_INIT
824150,Houston Astros,Athletics,0.5440222428174233,0.4559777571825767,0.08804448563484657,3.8180811760829902,2.964037613999399,BACKTEST_INIT
824151,Houston Astros,Athletics,0.5427230046948357,0.4572769953051643,0.0854460093896714,4.742848114204834,2.262129196082453,BACKTEST_INIT
824152,Houston Astros,Athletics,0.5067466266866567,0.4932533733133433,0.013493253373313419,4.698216494859546,5.164545908625554,BACKTEST_INIT
824153,Houston Astros,Los Angeles Angels,0.5379377431906615,0.46206225680933855,0.07587548638132291,2.3583765807029384,2.1311998257890883,BACKTEST_INIT
824154,Houston Astros,Los Angeles Angels,0.536,0.46399999999999997,0.07200000000000006,2.8152100379087965,1.848385126205027,BACKTEST_INIT
824155,Houston Astros,Los Angeles Angels,0.5067466266866567,0.4932533733133433,0.013493253373313419,2.1231870733198983,2.1708653915901754,BACKTEST_INIT
824156,Houston Astros,Seattle Mariners,0.5074441687344913,0.4925558312655087,0.014888337468982549,4.943239288561758,8.524203135318519,BACKTEST_INIT
824157,Houston Astros,Seattle Mariners,0.539795918367347,0.46020408163265303,0.07959183673469394,9.21912077748028,6.006099558455309,BACKTEST_INIT
824158,Houston Astros,Toronto Blue Jays,0.5464684014869888,0.45353159851301117,0.09293680297397766,5.9733671394944325,2.8387330779748576,BACKTEST_INIT
824159,Houston Astros,Seattle Mariners,0.5064629847238542,0.4935370152761458,0.012925969447708408,2.1352457696044027,4.225824209731268,BACKTEST_INIT
824160,Houston Astros,Toronto Blue Jays,0.501269035532995,0.49873096446700504,0.002538071065989911,4.431720683787079,4.7214892504383545,BACKTEST_INIT
824161,Houston Astros,Toronto Blue Jays,0.5006305170239596,0.49936948297604045,0.0012610340479191073,2.2558270440694965,3.8660374136392264,BACKTEST_INIT
824162,Houston Astros,Texas Rangers,0.6666666666666666,0.33333333333333337,0.33333333333333326,9.776137515996204,3.2879384335026325,BACKTEST_INIT
824163,Houston Astros,Texas Rangers,0.5451127819548872,0.4548872180451128,0.09022556390977443,4.427063949000872,3.5618038436925232,BACKTEST_INIT
824164,Houston Astros,Texas Rangers,0.5039473684210526,0.4960526315789474,0.007894736842105177,5.077760792575285,5.011905061029379,BACKTEST_INIT
824165,Houston Astros,Miami Marlins,0.55078125,0.44921875,0.1015625,7.647339965491485,3.6757948843973858,BACKTEST_INIT
824166,Houston Astros,Miami Marlins,0.5503875968992248,0.4496124031007752,0.10077519379844957,6.097706415461526,3.7089941778120847,BACKTEST_INIT
824167,Houston Astros,Miami Marlins,0.5353901996370236,0.4646098003629764,0.07078039927404722,3.080311917465791,2.6513815792732394,BACKTEST_INIT
824168,Houston Astros,Baltimore Orioles,0.49473684210526314,0.5052631578947369,0.010526315789473717,2.331759697566667,4.155111105532429,BACKTEST_INIT
824169,Houston Astros,Baltimore Orioles,0.4900459418070444,0.5099540581929556,0.019908116385911168,2.447681319500454,4.227631256353139,BACKTEST_INIT
824170,Houston Astros,Baltimore Orioles,0.49149922720247297,0.508500772797527,0.01700154559505407,2.4072267122989546,5.529152657159331,BACKTEST_INIT
824171,Houston Astros,Tampa Bay Rays,0.49066213921901536,0.5093378607809846,0.018675721561969283,2.765486336082779,3.9510868295048227,BACKTEST_INIT
824172,Houston Astros,Tampa Bay Rays,0.5625,0.4375,0.125,8.86962246831838,7.010735063908928,BACKTEST_INIT
824173,Houston Astros,Tampa Bay Rays,0.4914383561643836,0.5085616438356164,0.017123287671232834,3.031184164909357,6.452162723338354,BACKTEST_INIT
824174,Houston Astros,Minnesota Twins,0.5635593220338984,0.43644067796610164,0.12711864406779672,5.3362812165261015,4.153876223676683,BACKTEST_INIT
824175,Houston Astros,Minnesota Twins,0.4928825622775801,0.5071174377224199,0.014234875444839812,3.2438618391256036,3.8523160327044303,BACKTEST_INIT
824176,Houston Astros,Minnesota Twins,0.49547920433996384,0.5045207956600362,0.009041591320072317,3.198909232467513,3.4104399411219277,BACKTEST_INIT
824177,Houston Astros,Cleveland Guardians,0.25,0.75,0.5,1.2435227981400891,7.8500765142318665,BACKTEST_INIT
824178,Houston Astros,Detroit Tigers,0.5707964601769913,0.42920353982300874,0.14159292035398252,2.7075558250647047,1.7164300675232187,BACKTEST_INIT
824179,Houston Astros,Cleveland Guardians,0.5039215686274511,0.4960784313725489,0.007843137254902155,2.043463633079204,2.9614225609558593,BACKTEST_INIT
824180,Houston Astros,Cleveland Guardians,0.6666666666666666,0.33333333333333337,0.33333333333333326,8.978783672977563,2.735299209810209,BACKTEST_INIT
824181,Houston Astros,Detroit Tigers,0.5069860279441117,0.49301397205588826,0.013972055888223478,1.219166244122661,2.585783323496333,BACKTEST_INIT
824182,Houston Astros,Detroit Tigers,0.25,0.75,0.5,1.6174464011840088,8.307347745808329,BACKTEST_INIT
824183,Houston Astros,Athletics,0.6666666666666666,0.33333333333333337,0.33333333333333326,10.761018727513859,2.0101621528450395,BACKTEST_INIT
824184,Houston Astros,Athletics,0.5754716981132075,0.42452830188679247,0.15094339622641506,4.148122698428869,2.013224269012463,BACKTEST_INIT
824185,Houston Astros,Pittsburgh Pirates,0.5135135135135135,0.4864864864864865,0.027027027027026973,9.605883060922277,9.535543384109616,BACKTEST_INIT
824186,Houston Astros,Athletics,0.4930232558139534,0.5069767441860467,0.013953488372093259,3.0841063106220723,5.376774809709691,BACKTEST_INIT
824187,Houston Astros,Milwaukee Brewers,0.6665511094720018,0.3334488905279982,0.3331022189440036,8.555208420488379,2.9925737057018083,BACKTEST_INIT
824188,Houston Astros,Pittsburgh Pirates,0.49156626506024087,0.5084337349397592,0.016867469879518315,4.75427626411193,9.227586963507845,BACKTEST_INIT
824189,Houston Astros,Pittsburgh Pirates,0.4950980392156863,0.5049019607843137,0.009803921568627416,2.1034113631307925,3.2973379218238335,BACKTEST_INIT
824190,Houston Astros,Milwaukee Brewers,0.48223350253807107,0.5177664974619289,0.035532994923857864,3.9118789725093355,4.13758198050543,BACKTEST_INIT
824191,Houston Astros,Milwaukee Brewers,0.5806451612903226,0.4193548387096774,0.16129032258064524,3.5928722593469837,2.721130299362019,BACKTEST_INIT
824192,Houston Astros,Texas Rangers,0.5823529411764706,0.41764705882352937,0.16470588235294126,3.102535672834981,1.2940873821442809,BACKTEST_INIT
824193,Houston Astros,Texas Rangers,0.5823529411764706,0.41764705882352937,0.16470588235294126,2.4845467417447473,1.2709291402418015,BACKTEST_INIT
824194,Houston Astros,Texas Rangers,0.25,0.75,0.5,2.6130157920605033,7.315302301306055,BACKTEST_INIT
824195,Houston Astros,Seattle Mariners,0.25,0.75,0.5,1.7556407075491691,8.712161814452292,BACKTEST_INIT
824196,Houston Astros,Seattle Mariners,0.5672514619883041,0.4327485380116959,0.13450292397660824,2.5883621373197903,2.583059231214623,BACKTEST_INIT
824197,Houston Astros,Seattle Mariners,0.4964788732394366,0.5035211267605634,0.007042253521126751,1.6836187988579514,2.4854203185440324,BACKTEST_INIT
824198,Houston Astros,Los Angeles Dodgers,0.5798611111111112,0.42013888888888884,0.15972222222222232,2.5994076830613766,1.7593958922457666,BACKTEST_INIT
824199,Houston Astros,Seattle Mariners,0.49642857142857144,0.5035714285714286,0.0071428571428571175,1.7250120389629005,2.246926902846976,BACKTEST_INIT
824200,Houston Astros,Los Angeles Dodgers,0.25,0.75,0.5,2.8198933444230803,7.414849686319663,BACKTEST_INIT
824201,Houston Astros,Los Angeles Dodgers,0.4827586206896552,0.5172413793103448,0.03448275862068956,2.5619605086345834,3.6264931260193576,BACKTEST_INIT
824202,Houston Astros,New York Yankees,0.25,0.75,0.5,2.842797815873035,9.059082154687275,BACKTEST_INIT
824203,Houston Astros,New York Yankees,0.25,0.75,0.5,2.5656122364182203,9.278703298747295,BACKTEST_INIT
824204,Houston Astros,New York Yankees,0.484472049689441,0.515527950310559,0.03105590062111796,1.7049716875551084,2.7041311910172263,BACKTEST_INIT
824205,Houston Astros,St. Louis Cardinals,0.475,0.525,0.050000000000000044,3.94500495835545,7.599768566824105,BACKTEST_INIT
824206,Houston Astros,St. Louis Cardinals,0.25,0.75,0.5,2.9541762230810864,8.895406317152588,BACKTEST_INIT
824207,Houston Astros,St. Louis Cardinals,0.4950495049504951,0.504950495049505,0.009900990099009854,2.5038351329214033,3.4853465451675714,BACKTEST_INIT
824208,Houston Astros,Colorado Rockies,0.620253164556962,0.379746835443038,0.240506329113924,3.528939045239681,1.8802315246860726,BACKTEST_INIT
824209,Houston Astros,Colorado Rockies,0.609271523178808,0.39072847682119205,0.2185430463576159,6.576935386614869,6.286511792013063,BACKTEST_INIT
824210,Houston Astros,Colorado Rockies,0.45,0.55,0.10000000000000003,2.8230287069216073,6.481176600990033,BACKTEST_INIT
824211,Houston Astros,Boston Red Sox,0.6655402298850573,0.33445977011494266,0.3310804597701147,7.704265117273412,2.401451166462157,BACKTEST_INIT
824212,Houston Astros,Boston Red Sox,0.6486486486486487,0.3513513513513513,0.29729729729729737,6.828058459532487,2.4232269088825076,BACKTEST_INIT
824213,Houston Astros,Los Angeles Angels,0.1128,0.8872,0.7744,1.5693110502852061,4.813231551713561,BACKTEST_INIT
824214,Houston Astros,Boston Red Sox,0.55438,0.44562,0.10875999999999997,6.0054753007541,5.243508340296152,BACKTEST_INIT
824215,Houston Astros,Los Angeles Angels,0.55678,0.44322,0.11356000000000005,8.977540739883564,8.215945610646555,BACKTEST_INIT
824216,Houston Astros,Los Angeles Angels,0.1933,0.8067,0.6134,1.489273689090893,3.5590893400154773,BACKTEST_INIT
824218,Houston Astros,Los Angeles Angels,0.53754,0.46246,0.07508000000000004,4.302423016489442,3.9374339278052224,BACKTEST_INIT
824228,Detroit Tigers,Minnesota Twins,0.5411471321695761,0.4588528678304239,0.08229426433915221,5.86608077097283,3.267004383308689,BACKTEST_INIT
824229,Detroit Tigers,Minnesota Twins,0.5396825396825398,0.46031746031746024,0.07936507936507953,6.41257350561791,2.7095629866550075,BACKTEST_INIT
824230,Detroit Tigers,Los Angeles Dodgers,0.5059171597633136,0.49408284023668636,0.01183431952662728,1.7339950103125494,3.1946567051071244,BACKTEST_INIT
824231,Detroit Tigers,Los Angeles Dodgers,0.5073170731707316,0.4926829268292684,0.014634146341463206,1.8660086870356818,4.450959975508934,BACKTEST_INIT
824232,Detroit Tigers,Los Angeles Dodgers,0.5057870370370371,0.4942129629629629,0.011574074074074181,1.831143236639091,2.472977888281404,BACKTEST_INIT
824233,Detroit Tigers,Tampa Bay Rays,0.5067264573991032,0.49327354260089684,0.013452914798206317,2.387192383362069,3.5105073779332656,BACKTEST_INIT
824234,Detroit Tigers,Tampa Bay Rays,0.5079559363525091,0.49204406364749087,0.01591187270501826,3.016322978927114,3.0034685999628854,BACKTEST_INIT
824235,Detroit Tigers,Tampa Bay Rays,0.544883303411131,0.455116696588869,0.08976660682226201,4.069609762515667,3.3337169057831892,BACKTEST_INIT
824236,Detroit Tigers,Chicago White Sox,0.5371669004207573,0.4628330995792427,0.07433380084151464,3.9850714940060334,3.914362238102518,BACKTEST_INIT
824237,Detroit Tigers,Chicago White Sox,0.5405960945529291,0.4594039054470709,0.08119218910585824,5.909167123644252,2.6258846039262416,BACKTEST_INIT
824238,Detroit Tigers,Cleveland Guardians,0.5424430641821946,0.45755693581780543,0.08488612836438914,4.364760355300935,4.36659200521785,BACKTEST_INIT
824239,Detroit Tigers,Chicago White Sox,0.5080745341614907,0.49192546583850927,0.016149068322981464,5.436474482764741,8.73469817359435,BACKTEST_INIT
824240,Detroit Tigers,Cleveland Guardians,0.5421245421245421,0.4578754578754579,0.08424908424908417,3.6728183986747824,1.6498245088723908,BACKTEST_INIT
824241,Detroit Tigers,Cleveland Guardians,0.5402298850574713,0.45977011494252873,0.08045977011494254,5.312892978533261,2.696402541101166,BACKTEST_INIT
824242,Detroit Tigers,Baltimore Orioles,0.6666666666666666,0.33333333333333337,0.33333333333333326,9.52380113839138,1.1730872679143296,BACKTEST_INIT
824243,Detroit Tigers,Baltimore Orioles,0.5054347826086957,0.4945652173913043,0.010869565217391353,3.20606244045705,7.38843902952527,BACKTEST_INIT
824244,Detroit Tigers,Kansas City Royals,0.5461538461538461,0.4538461538461539,0.0923076923076922,2.963322054510986,1.7889937922862194,BACKTEST_INIT
824245,Detroit Tigers,Baltimore Orioles,0.505464480874317,0.49453551912568305,0.010928961748633892,1.7206181814483539,2.8562235974783214,BACKTEST_INIT
824246,Detroit Tigers,Kansas City Royals,0.5478927203065134,0.45210727969348663,0.09578544061302674,2.8679172967077577,2.291728644189373,BACKTEST_INIT
824247,Detroit Tigers,Kansas City Royals,0.5461538461538461,0.4538461538461539,0.0923076923076922,4.184184168389027,1.778720846331213,BACKTEST_INIT
824248,Detroit Tigers,Kansas City Royals,0.5461538461538461,0.4538461538461539,0.0923076923076922,4.282768051656536,2.19299134909154,BACKTEST_INIT
824249,Detroit Tigers,Philadelphia Phillies,0.6666666666666666,0.33333333333333337,0.33333333333333326,9.264351233027798,1.593922631333746,BACKTEST_INIT
824250,Detroit Tigers,Philadelphia Phillies,0.4945226917057903,0.5054773082942097,0.010954616588419397,1.206323434395866,2.5327121002487134,BACKTEST_INIT
824251,Detroit Tigers,Athletics,0.5573770491803278,0.4426229508196722,0.11475409836065564,5.857469196372944,2.2835163938322665,BACKTEST_INIT
824252,Detroit Tigers,Philadelphia Phillies,0.5327380952380952,0.46726190476190477,0.06547619047619047,1.9375993331915455,1.5268001791797545,BACKTEST_INIT
824253,Detroit Tigers,Athletics,0.5573770491803278,0.4426229508196722,0.11475409836065564,6.555585484847673,2.966696083762816,BACKTEST_INIT
824254,Detroit Tigers,Athletics,0.5619834710743802,0.4380165289256198,0.12396694214876036,6.124329637066456,3.1519182316054697,BACKTEST_INIT
824255,Detroit Tigers,Houston Astros,0.49906542056074765,0.5009345794392523,0.0018691588785046953,1.9778424017625449,2.627686632072578,BACKTEST_INIT
824256,Detroit Tigers,Houston Astros,0.4972477064220184,0.5027522935779816,0.005504587155963192,7.094621499657492,8.469161723236446,BACKTEST_INIT
824257,Detroit Tigers,Houston Astros,0.6666666666666666,0.33333333333333337,0.33333333333333326,8.19594639405599,1.6329098517150173,BACKTEST_INIT
824258,Detroit Tigers,Houston Astros,0.5018450184501847,0.4981549815498153,0.003690036900369398,2.3494692615331934,2.80192223247958,BACKTEST_INIT
824259,Detroit Tigers,New York Yankees,0.5622317596566524,0.4377682403433476,0.1244635193133048,3.7863155247823403,2.669247930556322,BACKTEST_INIT
824260,Detroit Tigers,Chicago White Sox,0.5622317596566524,0.4377682403433476,0.1244635193133048,2.998109776664336,2.3410775414582137,BACKTEST_INIT
824261,Detroit Tigers,New York Yankees,0.5622317596566524,0.4377682403433476,0.1244635193133048,4.172146948998263,1.5515362510966209,BACKTEST_INIT
824262,Detroit Tigers,New York Yankees,0.5622317596566524,0.4377682403433476,0.1244635193133048,4.267392934740144,1.8753007199796654,BACKTEST_INIT
824263,Detroit Tigers,Chicago White Sox,0.5051759834368531,0.4948240165631469,0.010351966873706209,2.39489774172874,3.764245807491384,BACKTEST_INIT
824264,Detroit Tigers,Chicago White Sox,0.5039215686274511,0.4960784313725489,0.007843137254902155,1.2497300634277477,3.971422404529445,BACKTEST_INIT
824265,Detroit Tigers,Minnesota Twins,0.5010570824524313,0.4989429175475687,0.0021141649048626032,2.37144909899718,4.498408367260534,BACKTEST_INIT
824266,Detroit Tigers,Minnesota Twins,0.6666666666666666,0.33333333333333337,0.33333333333333326,9.95687024205457,3.2715320869729596,BACKTEST_INIT
824267,Detroit Tigers,Minnesota Twins,0.5694444444444445,0.43055555555555547,0.13888888888888906,4.991960628020367,2.3424163653823866,BACKTEST_INIT
824268,Detroit Tigers,Seattle Mariners,0.49774774774774777,0.5022522522522522,0.0045045045045044585,1.2873292409100023,2.6633869801443923,BACKTEST_INIT
824269,Detroit Tigers,Seattle Mariners,0.6093081761006288,0.3906918238993712,0.21861635220125764,6.7114040752244275,2.272274015221911,BACKTEST_INIT
824270,Detroit Tigers,Los Angeles Angels,0.47593582887700536,0.5240641711229946,0.048128342245989275,4.935419882914312,8.223918146795423,BACKTEST_INIT
824271,Detroit Tigers,Seattle Mariners,0.5754716981132075,0.42452830188679247,0.15094339622641506,4.928877649368602,1.7581193720849004,BACKTEST_INIT
824272,Detroit Tigers,Los Angeles Angels,0.6191256830601091,0.38087431693989093,0.23825136612021813,4.313919550906526,1.0112516300991619,BACKTEST_INIT
824273,Detroit Tigers,Cleveland Guardians,0.504823151125402,0.495176848874598,0.009646302250803984,2.0965681146416477,4.434503149502951,BACKTEST_INIT
824274,Detroit Tigers,Cleveland Guardians,0.496951219512195,0.503048780487805,0.0060975609756099836,2.0788799103086806,3.8530836183627706,BACKTEST_INIT
824275,Detroit Tigers,Los Angeles Angels,0.5333333333333333,0.4666666666666667,0.06666666666666665,3.0001410255250045,2.925591280407557,BACKTEST_INIT
824276,Detroit Tigers,Cleveland Guardians,0.25,0.75,0.5,1.9813193935899511,7.122877795230387,BACKTEST_INIT
824277,Detroit Tigers,Cleveland Guardians,0.25,0.75,0.5,1.800025136035218,5.900473452858833,BACKTEST_INIT
824278,Detroit Tigers,Toronto Blue Jays,0.5083056478405316,0.49169435215946844,0.01661129568106312,2.9495786387018255,2.9523703837674797,BACKTEST_INIT
824279,Detroit Tigers,Toronto Blue Jays,0.5115511551155115,0.4884488448844885,0.02310231023102305,2.2610498425535255,2.7405296155958077,BACKTEST_INIT
824280,Detroit Tigers,Toronto Blue Jays,0.5050167224080265,0.49498327759197347,0.010033444816053061,2.9358985174123196,6.263880886476155,BACKTEST_INIT
824281,Detroit Tigers,Boston Red Sox,0.5842293906810035,0.41577060931899645,0.1684587813620071,4.812778120194125,3.5418971980750995,BACKTEST_INIT
824282,Detroit Tigers,Boston Red Sox,0.25,0.75,0.5,3.6868659220552322,8.808795906605159,BACKTEST_INIT
824283,Detroit Tigers,Boston Red Sox,0.5802919708029197,0.4197080291970803,0.16058394160583944,5.230678689169335,1.7624489951564613,BACKTEST_INIT
824284,Detroit Tigers,Texas Rangers,0.48847926267281105,0.511520737327189,0.02304147465437789,3.2480257744595535,3.342141903220153,BACKTEST_INIT
824285,Detroit Tigers,Texas Rangers,0.5789473684210525,0.42105263157894746,0.1578947368421051,4.006748021043938,2.4610429899818307,BACKTEST_INIT
824286,Detroit Tigers,Milwaukee Brewers,0.25,0.75,0.5,3.8846065392415308,9.197996701143843,BACKTEST_INIT
824287,Detroit Tigers,Texas Rangers,0.5776892430278885,0.4223107569721115,0.15537848605577698,3.0804923724853173,1.944168061690678,BACKTEST_INIT
824288,Detroit Tigers,Milwaukee Brewers,0.5911330049261084,0.40886699507389157,0.18226600985221686,4.283463759593809,1.1894662288715903,BACKTEST_INIT
824289,Detroit Tigers,Kansas City Royals,0.620253164556962,0.379746835443038,0.240506329113924,2.395981369076276,1.8722243250480883,BACKTEST_INIT
824290,Detroit Tigers,Milwaukee Brewers,0.4666666666666667,0.5333333333333333,0.06666666666666665,3.6070208462823303,3.9473349832624356,BACKTEST_INIT
824291,Detroit Tigers,Kansas City Royals,0.609271523178808,0.39072847682119205,0.2185430463576159,2.498195464940291,1.94939796604661,BACKTEST_INIT
824292,Detroit Tigers,Kansas City Royals,0.6403890362511052,0.3596109637488948,0.28077807250221043,6.598729395334817,2.2420948299289543,BACKTEST_INIT
824293,Detroit Tigers,Miami Marlins,0.6560884443274545,0.3439115556725455,0.312176888654909,5.029205228251797,1.2558857838653834,BACKTEST_INIT
824294,Detroit Tigers,Miami Marlins,0.6097560975609756,0.3902439024390244,0.2195121951219512,2.54184717183813,1.1696767161655879,BACKTEST_INIT
824295,Detroit Tigers,St. Louis Cardinals,0.6282051282051282,0.3717948717948718,0.2564102564102564,2.487666098361071,1.8243791190935983,BACKTEST_INIT
824296,Detroit Tigers,St. Louis Cardinals,0.6097560975609756,0.3902439024390244,0.2195121951219512,8.71594957040688,4.514313103205049,BACKTEST_INIT
824297,Detroit Tigers,Miami Marlins,0.4339622641509434,0.5660377358490566,0.13207547169811318,2.947280620478687,6.735711808483428,BACKTEST_INIT
824299,Detroit Tigers,St. Louis Cardinals,0.5238095238095238,0.47619047619047616,0.04761904761904767,1.91360700639009,2.3478409809691576,BACKTEST_INIT
824309,Colorado Rockies,St. Louis Cardinals,0.5393634840871021,0.4606365159128979,0.07872696817420421,10.907479893446636,7.445755992036126,BACKTEST_INIT
824310,Colorado Rockies,St. Louis Cardinals,0.506145251396648,0.493854748603352,0.012290502793296021,4.74854407370381,5.974248025970189,BACKTEST_INIT
824311,Colorado Rockies,St. Louis Cardinals,0.5419847328244275,0.4580152671755725,0.08396946564885499,4.529191277681781,2.4662414126163776,BACKTEST_INIT
824312,Colorado Rockies,Baltimore Orioles,0.5439795046968403,0.4560204953031597,0.08795900939368062,3.2024391155969036,2.7958889079277864,BACKTEST_INIT
824313,Colorado Rockies,Baltimore Orioles,0.5045766590389016,0.4954233409610984,0.009153318077803174,2.6598227813858784,2.910263591247179,BACKTEST_INIT
824314,Colorado Rockies,Baltimore Orioles,0.5046082949308756,0.49539170506912444,0.009216589861751112,3.317952012196129,6.620807586054652,BACKTEST_INIT
824315,Colorado Rockies,Cleveland Guardians,0.5440222428174233,0.4559777571825767,0.08804448563484657,2.7817122949810833,1.4354853627290889,BACKTEST_INIT
824316,Colorado Rockies,Cleveland Guardians,0.25,0.75,0.5,2.7016176151117954,10.9711392345909,BACKTEST_INIT
824317,Colorado Rockies,Cleveland Guardians,0.5067466266866567,0.4932533733133433,0.013493253373313419,2.8786037954456973,3.4134267502261464,BACKTEST_INIT
824318,Colorado Rockies,Los Angeles Dodgers,0.5384615384615384,0.46153846153846156,0.07692307692307687,6.32595530592709,3.261555420342286,BACKTEST_INIT
824319,Colorado Rockies,Los Angeles Dodgers,0.25,0.75,0.5,6.577674371107792,13.074863957999739,BACKTEST_INIT
824320,Colorado Rockies,Los Angeles Dodgers,0.5384615384615384,0.46153846153846156,0.07692307692307687,7.44591078715429,3.8425603942272906,BACKTEST_INIT
824321,Colorado Rockies,Tampa Bay Rays,0.5006305170239596,0.49936948297604045,0.0012610340479191073,8.114346139189458,10.780079902159347,BACKTEST_INIT
824322,Colorado Rockies,Tampa Bay Rays,0.5037406483790524,0.4962593516209476,0.007481296758104827,7.513324290197307,9.350545078508443,BACKTEST_INIT
824323,Colorado Rockies,Kansas City Royals,0.5451127819548872,0.4548872180451128,0.09022556390977443,9.924489576561685,4.446144654798179,BACKTEST_INIT
824324,Colorado Rockies,Tampa Bay Rays,0.6666666666666666,0.33333333333333337,0.33333333333333326,9.767948648839932,2.19481210779914,BACKTEST_INIT
824325,Colorado Rockies,Kansas City Royals,0.5039473684210526,0.4960526315789474,0.007894736842105177,1.6239990293355666,2.639304824160279,BACKTEST_INIT
824326,Colorado Rockies,Kansas City Royals,0.5019455252918289,0.4980544747081711,0.0038910505836577958,2.333838622085989,2.3452757840197838,BACKTEST_INIT
824327,Colorado Rockies,Washington Nationals,0.5503875968992248,0.4496124031007752,0.10077519379844957,8.824899463513008,7.031899753073727,BACKTEST_INIT
824328,Colorado Rockies,Washington Nationals,0.25,0.75,0.5,2.538199293232541,7.096233062464029,BACKTEST_INIT
824329,Colorado Rockies,Washington Nationals,0.25,0.75,0.5,2.669286991327425,7.054959303959553,BACKTEST_INIT
824330,Colorado Rockies,Cincinnati Reds,0.6666666666666666,0.33333333333333337,0.33333333333333326,10.765585492123941,3.4455916140477356,BACKTEST_INIT
824331,Colorado Rockies,Cincinnati Reds,0.4900459418070444,0.5099540581929556,0.019908116385911168,3.3726903089351103,6.63642949938207,BACKTEST_INIT
824332,Colorado Rockies,Cincinnati Reds,0.5542168674698795,0.4457831325301205,0.10843373493975905,3.6183938266126674,2.990419808952253,BACKTEST_INIT
824333,Colorado Rockies,San Francisco Giants,0.25,0.75,0.5,1.243280953331407,4.5275931134515695,BACKTEST_INIT
824334,Colorado Rockies,San Francisco Giants,0.6666666666666666,0.33333333333333337,0.33333333333333326,10.998920198867612,3.832400063521959,BACKTEST_INIT
824335,Colorado Rockies,Miami Marlins,0.5654008438818565,0.4345991561181435,0.13080168776371304,5.090764687020653,1.580003857974496,BACKTEST_INIT
824336,Colorado Rockies,San Francisco Giants,0.5672268907563024,0.4327731092436976,0.1344537815126048,8.427774394311397,3.479926706657345,BACKTEST_INIT
824337,Colorado Rockies,Miami Marlins,0.25,0.75,0.5,3.506344358850446,12.154611380196112,BACKTEST_INIT
824338,Colorado Rockies,Miami Marlins,0.4928825622775801,0.5071174377224199,0.014234875444839812,6.6574799773051945,11.0806423034756,BACKTEST_INIT
824339,Colorado Rockies,Miami Marlins,0.49547920433996384,0.5045207956600362,0.009041591320072317,2.547778699470678,5.837728888823245,BACKTEST_INIT
824340,Colorado Rockies,Boston Red Sox,0.5041152263374485,0.49588477366255146,0.008230452674897082,3.466286304660204,3.467223792478027,BACKTEST_INIT
824341,Colorado Rockies,Boston Red Sox,0.5051334702258727,0.49486652977412726,0.010266940451745477,2.8691667097692477,4.278531498934452,BACKTEST_INIT
824342,Colorado Rockies,Pittsburgh Pirates,0.5670995670995671,0.4329004329004329,0.1341991341991342,4.358832038805535,1.6115244163052633,BACKTEST_INIT
824343,Colorado Rockies,Pittsburgh Pirates,0.5622317596566524,0.4377682403433476,0.1244635193133048,2.979744174077589,1.6115244163052633,BACKTEST_INIT
824344,Colorado Rockies,Boston Red Sox,0.5622317596566524,0.4377682403433476,0.1244635193133048,6.942377089490835,4.546569643476619,BACKTEST_INIT
824345,Colorado Rockies,Pittsburgh Pirates,0.5039215686274511,0.4960784313725489,0.007843137254902155,7.36522345062458,12.397091887483247,BACKTEST_INIT
824346,Colorado Rockies,Chicago Cubs,0.5010570824524313,0.4989429175475687,0.0021141649048626032,3.174068536139055,4.056328829122991,BACKTEST_INIT
824347,Colorado Rockies,Chicago Cubs,0.49671772428884037,0.5032822757111597,0.00656455142231932,1.649951776948896,4.246945283277408,BACKTEST_INIT
824348,Colorado Rockies,Chicago Cubs,0.5694444444444445,0.43055555555555547,0.13888888888888906,7.327473727049592,4.68221047696532,BACKTEST_INIT
824349,Colorado Rockies,Milwaukee Brewers,0.25,0.75,0.5,1.8067591677842043,6.287970442723571,BACKTEST_INIT
824350,Colorado Rockies,Milwaukee Brewers,0.4930232558139534,0.5069767441860467,0.013953488372093259,5.892521950405332,10.912802032134195,BACKTEST_INIT
824351,Colorado Rockies,Milwaukee Brewers,0.4942791762013729,0.505720823798627,0.011441647597254134,7.135003817598609,10.70603563106021,BACKTEST_INIT
824352,Colorado Rockies,San Francisco Giants,0.5806451612903226,0.4193548387096774,0.16129032258064524,8.343965696821904,5.085745099992417,BACKTEST_INIT
824353,Colorado Rockies,San Francisco Giants,0.4753246753246753,0.5246753246753246,0.04935064935064931,2.7091118737933604,3.2723980693471404,BACKTEST_INIT
824354,Colorado Rockies,San Francisco Giants,0.5828877005347592,0.41711229946524075,0.1657754010695185,9.427263386349136,4.396458535862113,BACKTEST_INIT
824355,Colorado Rockies,Texas Rangers,0.25,0.75,0.5,1.5012867495120525,11.914261996262521,BACKTEST_INIT
824356,Colorado Rockies,Texas Rangers,0.5838150289017341,0.4161849710982659,0.16763005780346818,5.674081114922005,3.949028742900863,BACKTEST_INIT
824357,Colorado Rockies,Texas Rangers,0.25,0.75,0.5,2.7690165427121523,10.821938827721333,BACKTEST_INIT
824358,Colorado Rockies,Arizona Diamondbacks,0.5823529411764706,0.41764705882352937,0.16470588235294126,3.0977390985839834,1.8343263253994908,BACKTEST_INIT
824359,Colorado Rockies,Arizona Diamondbacks,0.25,0.75,0.5,2.5273771843917783,7.687808992997672,BACKTEST_INIT
824360,Colorado Rockies,Arizona Diamondbacks,0.5050167224080265,0.49498327759197347,0.010033444816053061,3.305355015886059,5.971123578932511,BACKTEST_INIT
824361,Colorado Rockies,New York Mets,0.4857142857142857,0.5142857142857142,0.028571428571428525,2.0849147211639143,2.480497301125098,BACKTEST_INIT
824362,Colorado Rockies,New York Mets,0.25,0.75,0.5,3.2529727997592834,9.92227586848352,BACKTEST_INIT
824363,Colorado Rockies,New York Mets,0.4827586206896552,0.5172413793103448,0.03448275862068956,4.00873501432596,5.725042420163639,BACKTEST_INIT
824364,Colorado Rockies,Atlanta Braves,0.25,0.75,0.5,2.1337284293552976,8.573177824031326,BACKTEST_INIT
824365,Colorado Rockies,Atlanta Braves,0.48847926267281105,0.511520737327189,0.02304147465437789,4.9102455085123395,7.750820690383396,BACKTEST_INIT
824366,Colorado Rockies,Atlanta Braves,0.49047619047619045,0.5095238095238095,0.019047619047619035,2.759397609138632,4.7612215741068304,BACKTEST_INIT
824367,Colorado Rockies,San Diego Padres,0.46258503401360546,0.5374149659863945,0.07482993197278903,1.717298487590659,2.2791132692415847,BACKTEST_INIT
824368,Colorado Rockies,San Diego Padres,0.6666666666666666,0.33333333333333337,0.33333333333333326,8.080454838813267,2.1674310641135275,BACKTEST_INIT
824369,Colorado Rockies,San Diego Padres,0.25,0.75,0.5,1.7432792254507175,6.6865118781835395,BACKTEST_INIT
824370,Colorado Rockies,Los Angeles Dodgers,0.6132596685082873,0.3867403314917127,0.22651933701657456,8.378357816134757,4.602071320574757,BACKTEST_INIT
824371,Colorado Rockies,Los Angeles Dodgers,0.6079545454545454,0.3920454545454546,0.21590909090909083,2.982356777760992,2.4389182102910594,BACKTEST_INIT
824372,Colorado Rockies,Los Angeles Dodgers,0.25,0.75,0.5,2.275937321273057,8.587622742758807,BACKTEST_INIT
824373,Colorado Rockies,Los Angeles Dodgers,0.25,0.75,0.5,2.339779298730863,8.429183784263383,BACKTEST_INIT
824374,Colorado Rockies,Houston Astros,0.5982905982905983,0.4017094017094017,0.19658119658119655,5.0192026624176,2.5629240977312078,BACKTEST_INIT
824375,Colorado Rockies,Houston Astros,0.5963302752293578,0.4036697247706422,0.19266055045871555,8.553327845438364,6.44540386689493,BACKTEST_INIT
824376,Colorado Rockies,Houston Astros,0.6086956521739131,0.3913043478260869,0.21739130434782616,4.379724969291641,3.7852834143669205,BACKTEST_INIT
824377,Colorado Rockies,Philadelphia Phillies,0.5238095238095238,0.47619047619047616,0.04761904761904767,2.4007536189565597,4.5017643189762895,BACKTEST_INIT
824378,Colorado Rockies,Philadelphia Phillies,0.25,0.75,0.5,2.0478179591587606,10.052062048727139,BACKTEST_INIT
824379,Colorado Rockies,Philadelphia Phillies,0.6097560975609756,0.3902439024390244,0.2195121951219512,1.9217957029509543,1.5255098525113007,BACKTEST_INIT
824385,Cleveland Guardians,Detroit Tigers,0.5050167224080266,0.49498327759197336,0.010033444816053283,1.6523615570174248,4.614342593183245,BACKTEST_INIT
824387,Cleveland Guardians,Detroit Tigers,0.506145251396648,0.493854748603352,0.012290502793296021,3.9898778411209457,7.915777288674191,BACKTEST_INIT
824388,Cleveland Guardians,Toronto Blue Jays,0.25,0.75,0.5,1.5577750306986553,9.029170296331728,BACKTEST_INIT
824389,Cleveland Guardians,Detroit Tigers,0.5417017691659646,0.4582982308340354,0.08340353833192915,5.528582615289149,2.1123792621740574,BACKTEST_INIT
824390,Cleveland Guardians,Toronto Blue Jays,0.5439795046968403,0.4560204953031597,0.08795900939368062,6.118831880905634,2.143350380382758,BACKTEST_INIT
824391,Cleveland Guardians,Toronto Blue Jays,0.544750430292599,0.45524956970740105,0.0895008605851979,6.1738586872610925,2.27032484132613,BACKTEST_INIT
824392,Cleveland Guardians,Kansas City Royals,0.5059171597633136,0.49408284023668636,0.01183431952662728,1.7230645959749105,3.7286102253634614,BACKTEST_INIT
824393,Cleveland Guardians,Kansas City Royals,0.25,0.75,0.5,2.0050440620881904,6.2727523981889455,BACKTEST_INIT
824394,Cleveland Guardians,San Francisco Giants,0.5384615384615384,0.46153846153846156,0.07692307692307687,6.503844713556317,2.5630767230982245,BACKTEST_INIT
824395,Cleveland Guardians,San Francisco Giants,0.5067466266866567,0.4932533733133433,0.013493253373313419,1.4175519455445194,2.030678343313293,BACKTEST_INIT
824396,Cleveland Guardians,Kansas City Royals,0.5073170731707316,0.4926829268292684,0.014634146341463206,4.607307326902445,4.742045933494398,BACKTEST_INIT
824397,Cleveland Guardians,San Diego Padres,0.5384615384615384,0.46153846153846156,0.07692307692307687,4.9507457286991166,1.888675716883366,BACKTEST_INIT
824398,Cleveland Guardians,San Francisco Giants,0.5073891625615764,0.4926108374384236,0.014778325123152802,3.913649301569158,4.096168199428528,BACKTEST_INIT
824399,Cleveland Guardians,San Diego Padres,0.5064629847238542,0.4935370152761458,0.012925969447708408,1.8495001723668767,4.666738382927791,BACKTEST_INIT
824400,Cleveland Guardians,San Diego Padres,0.5080745341614907,0.49192546583850927,0.016149068322981464,3.410391888737255,6.0705641577129255,BACKTEST_INIT
824401,Cleveland Guardians,New York Mets,0.5055762081784386,0.4944237918215614,0.011152416356877248,3.8916219211864633,5.19681947963314,BACKTEST_INIT
824402,Cleveland Guardians,New York Mets,0.5037406483790524,0.4962593516209476,0.007481296758104827,2.7600550441436815,4.4855926661739245,BACKTEST_INIT
824403,Cleveland Guardians,New York Mets,0.5447761194029851,0.4552238805970149,0.08955223880597019,2.9567985172362627,1.1555912502711525,BACKTEST_INIT
824404,Cleveland Guardians,Arizona Diamondbacks,0.5012820512820514,0.4987179487179486,0.002564102564102777,7.592146905576181,9.43632229983649,BACKTEST_INIT
824405,Cleveland Guardians,Arizona Diamondbacks,0.5019455252918289,0.4980544747081711,0.0038910505836577958,2.0994883557376594,3.1542216754873706,BACKTEST_INIT
824406,Cleveland Guardians,Minnesota Twins,0.5028328611898017,0.49716713881019825,0.0056657223796034994,5.0397924862115415,9.408622111172074,BACKTEST_INIT
824407,Cleveland Guardians,Arizona Diamondbacks,0.5039473684210526,0.4960526315789474,0.007894736842105177,2.187362814044912,2.5862342751080445,BACKTEST_INIT
824408,Cleveland Guardians,Minnesota Twins,0.5503875968992248,0.4496124031007752,0.10077519379844957,4.288805985672402,2.6366847808437273,BACKTEST_INIT
824409,Cleveland Guardians,Minnesota Twins,0.6666666666666666,0.33333333333333337,0.33333333333333326,9.69896637559371,3.1801906943744225,BACKTEST_INIT
824410,Cleveland Guardians,Minnesota Twins,0.55078125,0.44921875,0.1015625,4.199468963223854,2.1640667304851626,BACKTEST_INIT
824411,Cleveland Guardians,Pittsburgh Pirates,0.49473684210526314,0.5052631578947369,0.010526315789473717,3.080864673037519,5.706026329048254,BACKTEST_INIT
824412,Cleveland Guardians,Pittsburgh Pirates,0.4900459418070444,0.5099540581929556,0.019908116385911168,1.3513482905266279,2.654023016709857,BACKTEST_INIT
824413,Cleveland Guardians,Chicago White Sox,0.490787269681742,0.509212730318258,0.018425460636515956,1.908683572377929,3.1346016436695523,BACKTEST_INIT
824414,Cleveland Guardians,Pittsburgh Pirates,0.4900459418070444,0.5099540581929556,0.019908116385911168,1.5001317373136098,2.9462309508496123,BACKTEST_INIT
824415,Cleveland Guardians,Chicago White Sox,0.5648535564853556,0.4351464435146444,0.12970711297071125,5.348349592580463,3.6458785165318237,BACKTEST_INIT
824416,Cleveland Guardians,Chicago White Sox,0.6666666666666666,0.33333333333333337,0.33333333333333326,7.901862087237664,2.4823478023629577,BACKTEST_INIT
824417,Cleveland Guardians,Chicago White Sox,0.5672268907563024,0.4327731092436976,0.1344537815126048,6.0001155946463305,3.464147916833394,BACKTEST_INIT
824418,Cleveland Guardians,Texas Rangers,0.4928825622775801,0.5071174377224199,0.014234875444839812,3.5644327266592404,5.064923332966078,BACKTEST_INIT
824419,Cleveland Guardians,Texas Rangers,0.48776223776223765,0.5122377622377623,0.024475524475524646,3.3050110343484604,5.1465838897480385,BACKTEST_INIT
824420,Cleveland Guardians,Texas Rangers,0.49547920433996384,0.5045207956600362,0.009041591320072317,3.8297540852935152,4.109613330803694,BACKTEST_INIT
824421,Cleveland Guardians,Seattle Mariners,0.5374149659863945,0.4625850340136055,0.07482993197278898,1.9626938222037822,1.7505901254913163,BACKTEST_INIT
824422,Cleveland Guardians,Seattle Mariners,0.5635593220338984,0.43644067796610164,0.12711864406779672,2.918278160015036,2.236152772732014,BACKTEST_INIT
824423,Cleveland Guardians,Seattle Mariners,0.5641025641025641,0.4358974358974359,0.1282051282051282,2.7135969669293774,1.446048214695518,BACKTEST_INIT
824424,Cleveland Guardians,Detroit Tigers,0.506145251396648,0.493854748603352,0.012290502793296021,3.9898778411209457,7.915777288674191,BACKTEST_INIT
824425,Cleveland Guardians,Detroit Tigers,0.25,0.75,0.5,1.9678900700511401,8.700661889354038,BACKTEST_INIT
824426,Cleveland Guardians,Detroit Tigers,0.5707762557077626,0.4292237442922374,0.14155251141552516,2.333485368591329,1.493026152569528,BACKTEST_INIT
824427,Cleveland Guardians,New York Yankees,0.25,0.75,0.5,1.3169526636557993,5.722406661780276,BACKTEST_INIT
824428,Cleveland Guardians,New York Yankees,0.49999999999999994,0.5,5.551115123125783e-17,2.828776158200928,3.840083169457276,BACKTEST_INIT
824429,Cleveland Guardians,New York Yankees,0.49671772428884037,0.5032822757111597,0.00656455142231932,3.1478816478032265,6.2776444166013405,BACKTEST_INIT
824430,Cleveland Guardians,Boston Red Sox,0.25,0.75,0.5,2.3781223531492786,9.056766723946742,BACKTEST_INIT
824431,Cleveland Guardians,Boston Red Sox,0.5806451612903226,0.4193548387096774,0.16129032258064524,4.200899637339603,2.9972687029952714,BACKTEST_INIT
824432,Cleveland Guardians,Washington Nationals,0.25,0.75,0.5,1.9063389051990043,5.537228880705731,BACKTEST_INIT
824433,Cleveland Guardians,Boston Red Sox,0.5806451612903226,0.4193548387096774,0.16129032258064524,4.45256458302614,3.0985757625813006,BACKTEST_INIT
824434,Cleveland Guardians,Washington Nationals,0.25,0.75,0.5,1.5700848251724993,9.976033821506505,BACKTEST_INIT
824435,Cleveland Guardians,Cincinnati Reds,0.5083056478405316,0.49169435215946844,0.01661129568106312,5.013921927023594,5.589524485427741,BACKTEST_INIT
824436,Cleveland Guardians,Cincinnati Reds,0.5823529411764706,0.41764705882352937,0.16470588235294126,5.5062804396213885,4.570729834518156,BACKTEST_INIT
824437,Cleveland Guardians,Washington Nationals,0.48467966573816157,0.5153203342618384,0.03064066852367686,1.4057315946350828,1.7828683749375096,BACKTEST_INIT
824438,Cleveland Guardians,Los Angeles Angels,0.5773809523809523,0.42261904761904767,0.15476190476190466,4.1493091545491465,2.856103352202939,BACKTEST_INIT
824439,Cleveland Guardians,Cincinnati Reds,0.5050167224080265,0.49498327759197347,0.010033444816053061,2.5320212494146714,4.1066745989359985,BACKTEST_INIT
824440,Cleveland Guardians,Minnesota Twins,0.4927007299270073,0.5072992700729927,0.014598540145985384,1.6237131654487378,2.7772282696786763,BACKTEST_INIT
824441,Cleveland Guardians,Los Angeles Angels,0.49642857142857144,0.5035714285714286,0.0071428571428571175,1.656226541987293,4.344107972276328,BACKTEST_INIT
824442,Cleveland Guardians,Los Angeles Angels,0.5748502994011975,0.4251497005988025,0.14970059880239495,5.911021038943046,3.1489230855239128,BACKTEST_INIT
824443,Cleveland Guardians,Minnesota Twins,0.573170731707317,0.426829268292683,0.14634146341463405,6.373880344759957,2.991368051562607,BACKTEST_INIT
824444,Cleveland Guardians,Minnesota Twins,0.5737704918032787,0.42622950819672134,0.14754098360655732,6.409112069768662,3.4149072322308074,BACKTEST_INIT
824445,Cleveland Guardians,Tampa Bay Rays,0.4898989898989899,0.5101010101010102,0.020202020202020277,1.4721590727132643,2.2334932727542567,BACKTEST_INIT
824446,Cleveland Guardians,Tampa Bay Rays,0.483695652173913,0.5163043478260869,0.03260869565217389,1.5808398188366994,3.0935822722718376,BACKTEST_INIT
824447,Cleveland Guardians,Tampa Bay Rays,0.4787234042553192,0.5212765957446808,0.0425531914893616,1.7208498795355118,3.1907170377849807,BACKTEST_INIT
824448,Cleveland Guardians,Houston Astros,0.25,0.75,0.5,2.967860836030524,8.580686900734918,BACKTEST_INIT
824449,Cleveland Guardians,Houston Astros,0.597989949748744,0.402010050251256,0.19597989949748795,8.111265642763158,5.815113745914804,BACKTEST_INIT
824450,Cleveland Guardians,Houston Astros,0.6132596685082873,0.3867403314917127,0.22651933701657456,6.458303042597363,3.0320676587520077,BACKTEST_INIT
824451,Cleveland Guardians,Baltimore Orioles,0.4818181818181818,0.5181818181818182,0.036363636363636376,4.394953868506448,5.044257472462494,BACKTEST_INIT
824452,Cleveland Guardians,Baltimore Orioles,0.6079545454545454,0.3920454545454546,0.21590909090909083,3.922531794365182,2.8684625837186606,BACKTEST_INIT
824453,Cleveland Guardians,Baltimore Orioles,0.5000000000000001,0.4999999999999999,2.220446049250313e-16,4.594990569063946,5.754891501603217,BACKTEST_INIT
824454,Cleveland Guardians,Baltimore Orioles,0.6121212121212122,0.3878787878787878,0.22424242424242435,4.178283307795231,2.8454373195953777,BACKTEST_INIT
824455,Cleveland Guardians,Kansas City Royals,0.5982905982905983,0.4017094017094017,0.19658119658119655,2.734631174431729,2.3460249637179214,BACKTEST_INIT
824456,Cleveland Guardians,Kansas City Royals,0.6086956521739131,0.3913043478260869,0.21739130434782616,5.594247681492896,4.425185628789678,BACKTEST_INIT
824457,Cleveland Guardians,Kansas City Royals,0.4444444444444444,0.5555555555555556,0.11111111111111116,3.0801629781776283,4.292411386691066,BACKTEST_INIT
824458,Cleveland Guardians,Chicago Cubs,0.5238095238095238,0.47619047619047616,0.04761904761904767,2.015274244040639,4.0811942531881815,BACKTEST_INIT
824459,Cleveland Guardians,Chicago Cubs,0.6097560975609756,0.3902439024390244,0.2195121951219512,1.6110377298841527,1.4899881658378824,BACKTEST_INIT
824460,Cleveland Guardians,Chicago Cubs,0.6097560975609756,0.3902439024390244,0.2195121951219512,1.5717441267162466,1.4536469910613488,BACKTEST_INIT
824468,Cincinnati Reds,Milwaukee Brewers,0.506145251396648,0.493854748603352,0.012290502793296021,5.952706981386686,9.892874277838024,BACKTEST_INIT
824469,Cincinnati Reds,Milwaukee Brewers,0.6666666666666666,0.33333333333333337,0.33333333333333326,5.883301251142741,1.4702254368886427,BACKTEST_INIT
824470,Cincinnati Reds,San Diego Padres,0.5056818181818182,0.49431818181818177,0.011363636363636465,2.3598120373382527,4.145067376082779,BACKTEST_INIT
824471,Cincinnati Reds,Milwaukee Brewers,0.5419847328244275,0.4580152671755725,0.08396946564885499,3.631973128612042,1.6683852314457792,BACKTEST_INIT
824472,Cincinnati Reds,San Diego Padres,0.25,0.75,0.5,1.1154144979035996,4.528701741704168,BACKTEST_INIT
824473,Cincinnati Reds,San Diego Padres,0.5441176470588235,0.4558823529411765,0.08823529411764697,6.527755914429071,4.8017811167850315,BACKTEST_INIT
824474,Cincinnati Reds,St. Louis Cardinals,0.5379377431906615,0.46206225680933855,0.07587548638132291,3.1896711458177327,2.499342552222881,BACKTEST_INIT
824475,Cincinnati Reds,St. Louis Cardinals,0.5384615384615384,0.46153846153846156,0.07692307692307687,4.0910359312338125,1.245115116302769,BACKTEST_INIT
824476,Cincinnati Reds,St. Louis Cardinals,0.5067466266866567,0.4932533733133433,0.013493253373313419,1.5604689175228939,1.7640533006648689,BACKTEST_INIT
824477,Cincinnati Reds,Miami Marlins,0.25,0.75,0.5,2.3364168011530553,7.514487903246337,BACKTEST_INIT
824478,Cincinnati Reds,St. Louis Cardinals,0.25,0.75,0.5,2.3674163115147024,9.628161442624151,BACKTEST_INIT
824479,Cincinnati Reds,Miami Marlins,0.6011099691675232,0.39889003083247676,0.20221993833504648,9.51967565904863,3.7048023110537565,BACKTEST_INIT
824480,Cincinnati Reds,Miami Marlins,0.5080745341614907,0.49192546583850927,0.016149068322981464,1.2348867044080583,2.899709936363612,BACKTEST_INIT
824481,Cincinnati Reds,Athletics,0.5481481481481482,0.45185185185185184,0.09629629629629632,3.9054982858631266,3.0033170014749557,BACKTEST_INIT
824482,Cincinnati Reds,Athletics,0.5464684014869888,0.45353159851301117,0.09293680297397766,4.1347137632115825,3.381050056172703,BACKTEST_INIT
824483,Cincinnati Reds,Pittsburgh Pirates,0.25,0.75,0.5,1.148465481816486,4.302946691967736,BACKTEST_INIT
824484,Cincinnati Reds,Athletics,0.6666666666666666,0.33333333333333337,0.33333333333333326,9.91359001136315,3.1778819266715836,BACKTEST_INIT
824485,Cincinnati Reds,Pittsburgh Pirates,0.5433962264150943,0.45660377358490567,0.08679245283018866,8.244454640350089,6.486707054532023,BACKTEST_INIT
824486,Cincinnati Reds,Pittsburgh Pirates,0.5039473684210526,0.4960526315789474,0.007894736842105177,2.688801478342212,2.9484829251095155,BACKTEST_INIT
824487,Cincinnati Reds,Cleveland Guardians,0.5040214477211796,0.4959785522788204,0.008042895442359255,3.4363349209887417,3.7886513179510093,BACKTEST_INIT
824488,Cincinnati Reds,Pittsburgh Pirates,0.5033112582781457,0.4966887417218543,0.0066225165562914245,2.4473613713203752,2.9398229374700717,BACKTEST_INIT
824489,Cincinnati Reds,Cleveland Guardians,0.5054347826086957,0.4945652173913043,0.010869565217391353,1.5907147338827152,1.6463115270022912,BACKTEST_INIT
824490,Cincinnati Reds,Cleveland Guardians,0.5054347826086957,0.4945652173913043,0.010869565217391353,1.5907147338827152,1.6463115270022912,BACKTEST_INIT
824491,Cincinnati Reds,Chicago Cubs,0.4945226917057903,0.5054773082942097,0.010954616588419397,3.1591887903550333,3.757167118474209,BACKTEST_INIT
824492,Cincinnati Reds,Chicago Cubs,0.5546558704453441,0.44534412955465585,0.10931174089068829,2.9740992894030462,1.6398215160819984,BACKTEST_INIT
824493,Cincinnati Reds,Chicago Cubs,0.5307262569832402,0.46927374301675984,0.06145251396648033,2.6958237208919265,2.575716046879162,BACKTEST_INIT
824494,Cincinnati Reds,Philadelphia Phillies,0.5573770491803278,0.4426229508196722,0.11475409836065564,8.634594844363454,3.5807468646854526,BACKTEST_INIT
824495,Cincinnati Reds,Philadelphia Phillies,0.6666666666666666,0.33333333333333337,0.33333333333333326,7.409000178119288,1.768953025421129,BACKTEST_INIT
824496,Cincinnati Reds,Philadelphia Phillies,0.49185667752442996,0.50814332247557,0.016286644951140072,1.5041155425103843,2.683416885818071,BACKTEST_INIT
824497,Cincinnati Reds,Baltimore Orioles,0.490787269681742,0.509212730318258,0.018425460636515956,3.8221261072283315,7.876753950571003,BACKTEST_INIT
824498,Cincinnati Reds,Baltimore Orioles,0.4914383561643836,0.5085616438356164,0.017123287671232834,3.0290873788586548,4.390889531633104,BACKTEST_INIT
824499,Cincinnati Reds,Baltimore Orioles,0.49066213921901536,0.5093378607809846,0.018675721561969283,2.4399210687383537,3.7052115684855806,BACKTEST_INIT
824500,Cincinnati Reds,Milwaukee Brewers,0.5051334702258727,0.49486652977412726,0.010266940451745477,1.4298136261766845,1.5008215123820872,BACKTEST_INIT
824501,Cincinnati Reds,Milwaukee Brewers,0.5622317596566524,0.4377682403433476,0.1244635193133048,2.260275191537859,1.4371888681606673,BACKTEST_INIT
824502,Cincinnati Reds,Milwaukee Brewers,0.5041152263374485,0.49588477366255146,0.008230452674897082,4.610226909528723,8.798968910618528,BACKTEST_INIT
824503,Cincinnati Reds,New York Mets,0.5707964601769913,0.42920353982300874,0.14159292035398252,5.08089943575307,1.7509965499923363,BACKTEST_INIT
824504,Cincinnati Reds,New York Mets,0.6666666666666666,0.33333333333333337,0.33333333333333326,9.152012934576595,1.2150462861862774,BACKTEST_INIT
824505,Cincinnati Reds,New York Mets,0.5069860279441117,0.49301397205588826,0.013972055888223478,3.881155926194362,8.068619402686416,BACKTEST_INIT
824506,Cincinnati Reds,Arizona Diamondbacks,0.5040650406504066,0.4959349593495934,0.008130081300813163,2.1012548857125544,2.765012759717394,BACKTEST_INIT
824507,Cincinnati Reds,Arizona Diamondbacks,0.4999999999999999,0.5000000000000001,2.220446049250313e-16,1.9431434978321087,2.7600954427835225,BACKTEST_INIT
824508,Cincinnati Reds,Arizona Diamondbacks,0.5030800821355236,0.4969199178644764,0.006160164271047153,2.0127942052953447,4.026801690459843,BACKTEST_INIT
824509,Cincinnati Reds,Kansas City Royals,0.581151832460733,0.418848167539267,0.16230366492146597,3.2346617640297155,1.6869361237098293,BACKTEST_INIT
824510,Cincinnati Reds,Kansas City Royals,0.582010582010582,0.417989417989418,0.16402116402116396,6.231209543574317,3.3238280680679253,BACKTEST_INIT
824511,Cincinnati Reds,Kansas City Royals,0.25,0.75,0.5,2.8701681344130368,9.600551063062081,BACKTEST_INIT
824512,Cincinnati Reds,Atlanta Braves,0.4875,0.5125,0.024999999999999967,1.9951523387471153,5.421651454003989,BACKTEST_INIT
824513,Cincinnati Reds,Atlanta Braves,0.25,0.75,0.5,2.105741433238375,6.669084928971772,BACKTEST_INIT
824514,Cincinnati Reds,St. Louis Cardinals,0.25,0.75,0.5,2.3674163115147024,9.628161442624151,BACKTEST_INIT
824515,Cincinnati Reds,Atlanta Braves,0.4753246753246753,0.5246753246753246,0.04935064935064931,1.703276133903593,5.037709272928533,BACKTEST_INIT
824516,Cincinnati Reds,St. Louis Cardinals,0.48830409356725135,0.5116959064327486,0.023391812865497297,1.160156986329888,1.6423305003533084,BACKTEST_INIT
824517,Cincinnati Reds,Washington Nationals,0.5016835016835017,0.49831649831649827,0.0033670033670034627,5.92747317172242,8.103491881897071,BACKTEST_INIT
824518,Cincinnati Reds,St. Louis Cardinals,0.48830409356725135,0.5116959064327486,0.023391812865497297,1.2318546880850754,1.7438265252751433,BACKTEST_INIT
824519,Cincinnati Reds,Washington Nationals,0.25,0.75,0.5,3.9696282207092253,10.233239811023248,BACKTEST_INIT
824520,Cincinnati Reds,Houston Astros,0.573170731707317,0.426829268292683,0.14634146341463405,2.191523933236107,1.2752172266556259,BACKTEST_INIT
824521,Cincinnati Reds,Washington Nationals,0.5748502994011975,0.4251497005988025,0.14970059880239495,3.800757253772237,2.3125280309656024,BACKTEST_INIT
824522,Cincinnati Reds,Houston Astros,0.573170731707317,0.426829268292683,0.14634146341463405,5.6638769474109765,4.6101131559728366,BACKTEST_INIT
824523,Cincinnati Reds,Houston Astros,0.25,0.75,0.5,1.8668008138678867,9.794186843899464,BACKTEST_INIT
824524,Cincinnati Reds,Colorado Rockies,0.25,0.75,0.5,2.394380404171274,9.620993379295674,BACKTEST_INIT
824525,Cincinnati Reds,Colorado Rockies,0.5774058577405857,0.4225941422594143,0.15481171548117145,6.572569196389739,3.0335032283663437,BACKTEST_INIT
824526,Cincinnati Reds,Colorado Rockies,0.4787234042553192,0.5212765957446808,0.0425531914893616,2.174844262892465,4.910370369607386,BACKTEST_INIT
824527,Cincinnati Reds,Detroit Tigers,0.5806451612903226,0.4193548387096774,0.16129032258064524,8.432229635279178,6.976401498371182,BACKTEST_INIT
824528,Cincinnati Reds,Detroit Tigers,0.6666666666666666,0.33333333333333337,0.33333333333333326,8.374047250795751,2.41595431917434,BACKTEST_INIT
824529,Cincinnati Reds,Detroit Tigers,0.25,0.75,0.5,1.5932988419238407,6.205148827781361,BACKTEST_INIT
824530,Cincinnati Reds,San Francisco Giants,0.6666666666666666,0.33333333333333337,0.33333333333333326,7.969687682555472,2.492882736542599,BACKTEST_INIT
824531,Cincinnati Reds,San Francisco Giants,0.45819971209076266,0.5418002879092374,0.08360057581847474,3.954996478020778,6.042443566871663,BACKTEST_INIT
824532,Cincinnati Reds,San Francisco Giants,0.609271523178808,0.39072847682119205,0.2185430463576159,3.0770389560751883,2.294305213758672,BACKTEST_INIT
824533,Cincinnati Reds,Los Angeles Angels,0.6106870229007634,0.3893129770992366,0.22137404580152675,5.376068741582966,3.282204837959433,BACKTEST_INIT
824534,Cincinnati Reds,Los Angeles Angels,0.4339622641509434,0.5660377358490566,0.13207547169811318,3.203708324461502,4.442554673274644,BACKTEST_INIT
824535,Cincinnati Reds,Los Angeles Angels,0.25,0.75,0.5,2.9316230361065188,8.162486975111293,BACKTEST_INIT
824536,Cincinnati Reds,Pittsburgh Pirates,0.25,0.75,0.5,3.1839575734304697,9.191595865138533,BACKTEST_INIT
824537,Cincinnati Reds,Pittsburgh Pirates,0.6486486486486487,0.3513513513513513,0.29729729729729737,3.2015752331015532,1.6037004687213858,BACKTEST_INIT
824538,Cincinnati Reds,Boston Red Sox,0.50322,0.49678,0.006440000000000001,4.55998313721007,4.4328658078685566,BACKTEST_INIT
824539,Cincinnati Reds,Pittsburgh Pirates,0.57346,0.42654,0.14692,4.160520005931933,3.5744629243974373,BACKTEST_INIT
824540,Cincinnati Reds,Boston Red Sox,0.20116,0.79884,0.59768,1.4791009880500163,3.4494419700250836,BACKTEST_INIT
824541,Cincinnati Reds,Boston Red Sox,0.424,0.576,0.15199999999999997,3.984803762022836,4.56835423167043,BACKTEST_INIT
824551,Chicago White Sox,Pittsburgh Pirates,0.5411471321695761,0.4588528678304239,0.08229426433915221,3.171636891439338,1.6192628739580213,BACKTEST_INIT
824552,Chicago White Sox,Minnesota Twins,0.5050167224080266,0.49498327759197336,0.010033444816053283,3.8666230979206038,4.664185443211532,BACKTEST_INIT
824553,Chicago White Sox,Minnesota Twins,0.5417017691659646,0.4582982308340354,0.08340353833192915,3.9325854677715677,1.5121944820079054,BACKTEST_INIT
824554,Chicago White Sox,Minnesota Twins,0.506145251396648,0.493854748603352,0.012290502793296021,3.964168624778841,6.731198596890452,BACKTEST_INIT
824555,Chicago White Sox,Texas Rangers,0.5415162454873647,0.45848375451263534,0.08303249097472931,9.772554452857191,7.724679485514548,BACKTEST_INIT
824556,Chicago White Sox,Texas Rangers,0.25,0.75,0.5,1.813593387184151,9.473040537320546,BACKTEST_INIT
824557,Chicago White Sox,Texas Rangers,0.5059880239520957,0.49401197604790426,0.011976047904191489,1.7840535636107282,1.971903476886499,BACKTEST_INIT
824558,Chicago White Sox,New York Mets,0.5059880239520957,0.49401197604790426,0.011976047904191489,4.948779158093314,9.232626688235042,BACKTEST_INIT
824559,Chicago White Sox,New York Mets,0.5067466266866567,0.4932533733133433,0.013493253373313419,1.6141340422180588,3.985160428892181,BACKTEST_INIT
824560,Chicago White Sox,New York Mets,0.5427230046948357,0.4572769953051643,0.0854460093896714,4.595651213341468,3.9888476621707265,BACKTEST_INIT
824561,Chicago White Sox,Cincinnati Reds,0.5424430641821946,0.45755693581780543,0.08488612836438914,5.098541884730744,1.6224624719721112,BACKTEST_INIT
824562,Chicago White Sox,Cincinnati Reds,0.5402298850574713,0.45977011494252873,0.08045977011494254,5.1529727534549465,3.8176770606667985,BACKTEST_INIT
824563,Chicago White Sox,Cincinnati Reds,0.6666666666666666,0.33333333333333337,0.33333333333333326,6.7533440370960465,1.982997957330303,BACKTEST_INIT
824564,Chicago White Sox,Cleveland Guardians,0.5441176470588235,0.4558823529411765,0.08823529411764697,4.260376295530198,2.2148030042463835,BACKTEST_INIT
824565,Chicago White Sox,Cleveland Guardians,0.25,0.75,0.5,1.2657831517327511,8.908342037245506,BACKTEST_INIT
824566,Chicago White Sox,Cleveland Guardians,0.5362095531587057,0.46379044684129433,0.07241910631741133,9.056766723946742,8.502449327413455,BACKTEST_INIT
824567,Chicago White Sox,New York Yankees,0.5454545454545454,0.4545454545454546,0.09090909090909083,2.853389529678801,1.2746841294888753,BACKTEST_INIT
824568,Chicago White Sox,New York Yankees,0.5433962264150943,0.45660377358490567,0.08679245283018866,4.678969010157922,3.222195198238201,BACKTEST_INIT
824569,Chicago White Sox,New York Yankees,0.5054347826086957,0.4945652173913043,0.010869565217391353,6.060835482937373,10.00057367575144,BACKTEST_INIT
824570,Chicago White Sox,New York Yankees,0.6666666666666666,0.33333333333333337,0.33333333333333326,8.341768348754764,2.1504210020053462,BACKTEST_INIT
824571,Chicago White Sox,Houston Astros,0.5020920502092049,0.4979079497907951,0.004184100418409775,4.117205399634017,8.299624740952869,BACKTEST_INIT
824572,Chicago White Sox,Houston Astros,0.5020689655172415,0.49793103448275855,0.0041379310344829,2.4808225055075632,4.461053082447605,BACKTEST_INIT
824573,Chicago White Sox,Houston Astros,0.5461538461538461,0.4538461538461539,0.0923076923076922,3.4057768804388013,2.755581002843611,BACKTEST_INIT
824574,Chicago White Sox,Athletics,0.4945226917057903,0.5054773082942097,0.010954616588419397,1.3607617421988445,1.8159930246106954,BACKTEST_INIT
824575,Chicago White Sox,Athletics,0.556910569105691,0.44308943089430897,0.11382113821138207,3.4095496944109627,2.659136965874101,BACKTEST_INIT
824576,Chicago White Sox,Athletics,0.6666666666666666,0.33333333333333337,0.33333333333333326,10.872347230622227,2.235393924518458,BACKTEST_INIT
824577,Chicago White Sox,Boston Red Sox,0.25,0.75,0.5,1.8210479603621756,6.257617263410738,BACKTEST_INIT
824578,Chicago White Sox,Boston Red Sox,0.25,0.75,0.5,1.9045434054994232,6.906974574738014,BACKTEST_INIT
824579,Chicago White Sox,Boston Red Sox,0.5344129554655871,0.4655870445344129,0.06882591093117418,6.319973690016642,6.0419368867747,BACKTEST_INIT
824580,Chicago White Sox,Kansas City Royals,0.4972477064220184,0.5027522935779816,0.005504587155963192,1.3361362433917932,2.115061723158372,BACKTEST_INIT
824581,Chicago White Sox,Kansas City Royals,0.6666666666666666,0.33333333333333337,0.33333333333333326,10.140173838780568,2.2286777257499972,BACKTEST_INIT
824582,Chicago White Sox,Kansas City Royals,0.5641025641025641,0.4358974358974359,0.1282051282051282,7.452831887710586,3.126150314004944,BACKTEST_INIT
824583,Chicago White Sox,Cleveland Guardians,0.5622317596566524,0.4377682403433476,0.1244635193133048,3.030707568792226,2.2687405494991464,BACKTEST_INIT
824584,Chicago White Sox,Cleveland Guardians,0.5622317596566524,0.4377682403433476,0.1244635193133048,4.751638640142602,3.5299577171765115,BACKTEST_INIT
824585,Chicago White Sox,Cleveland Guardians,0.5386363636363637,0.4613636363636363,0.07727272727272738,2.4434937901104234,2.1534061798022126,BACKTEST_INIT
824586,Chicago White Sox,Los Angeles Dodgers,0.25,0.75,0.5,1.8113390474456232,6.4868408546382135,BACKTEST_INIT
824587,Chicago White Sox,Los Angeles Dodgers,0.5707762557077626,0.4292237442922374,0.14155251141552516,6.81212069414636,3.170434253096455,BACKTEST_INIT
824588,Chicago White Sox,Los Angeles Dodgers,0.4999999999999999,0.5000000000000001,2.220446049250313e-16,3.3818827283639115,4.025220241485771,BACKTEST_INIT
824589,Chicago White Sox,Atlanta Braves,0.5384615384615384,0.46153846153846156,0.07692307692307687,3.5308254922586055,2.231109181421759,BACKTEST_INIT
824590,Chicago White Sox,Atlanta Braves,0.49999999999999994,0.5,5.551115123125783e-17,4.6896971215772005,5.153848869276993,BACKTEST_INIT
824591,Chicago White Sox,Atlanta Braves,0.49671772428884037,0.5032822757111597,0.00656455142231932,4.092709741498471,7.651244475248867,BACKTEST_INIT
824592,Chicago White Sox,Detroit Tigers,0.5855455160120474,0.4144544839879526,0.1710910320240948,6.220747237064831,2.0835052087985195,BACKTEST_INIT
824593,Chicago White Sox,Detroit Tigers,0.5806451612903226,0.4193548387096774,0.16129032258064524,4.694192011894309,2.564741152659631,BACKTEST_INIT
824594,Chicago White Sox,Detroit Tigers,0.5806451612903226,0.4193548387096774,0.16129032258064524,5.872913437880533,2.5249482146926896,BACKTEST_INIT
824595,Chicago White Sox,Minnesota Twins,0.6666666666666666,0.33333333333333337,0.33333333333333326,9.943385367267028,2.8256993550738416,BACKTEST_INIT
824596,Chicago White Sox,Minnesota Twins,0.47593582887700536,0.5240641711229946,0.048128342245989275,3.227828955657139,3.596609217711256,BACKTEST_INIT
824597,Chicago White Sox,Minnesota Twins,0.5810055865921788,0.4189944134078212,0.16201117318435765,3.2601254509202127,1.8460879296814423,BACKTEST_INIT
824598,Chicago White Sox,Minnesota Twins,0.48467966573816157,0.5153203342618384,0.03064066852367686,3.151647761887536,6.700537759662703,BACKTEST_INIT
824599,Chicago White Sox,Chicago Cubs,0.6666666666666666,0.33333333333333337,0.33333333333333326,7.539343424457965,1.455808351919499,BACKTEST_INIT
824600,Chicago White Sox,Chicago Cubs,0.25,0.75,0.5,3.7941391277785357,11.092434775189066,BACKTEST_INIT
824601,Chicago White Sox,Chicago Cubs,0.5666666666666667,0.43333333333333335,0.1333333333333333,2.185864765938426,1.7738201693437765,BACKTEST_INIT
824602,Chicago White Sox,Kansas City Royals,0.5823529411764706,0.41764705882352937,0.16470588235294126,5.543770103430644,4.133421826243448,BACKTEST_INIT
824603,Chicago White Sox,Kansas City Royals,0.5773809523809523,0.42261904761904767,0.15476190476190466,5.672356533404049,3.838675240531135,BACKTEST_INIT
824604,Chicago White Sox,Kansas City Royals,0.5748502994011975,0.4251497005988025,0.14970059880239495,4.97590252392189,2.2380934874495213,BACKTEST_INIT
824605,Chicago White Sox,Seattle Mariners,0.6666666666666666,0.33333333333333337,0.33333333333333326,6.160895271523692,1.099458134587618,BACKTEST_INIT
824606,Chicago White Sox,Seattle Mariners,0.5737704918032787,0.42622950819672134,0.14754098360655732,8.929029061147057,8.791545553064905,BACKTEST_INIT
824607,Chicago White Sox,Seattle Mariners,0.48828125000000006,0.51171875,0.023437499999999944,1.4768323677277349,4.300956629499808,BACKTEST_INIT
824608,Chicago White Sox,Los Angeles Angels,0.5774058577405857,0.4225941422594143,0.15481171548117145,5.539135345831422,3.043820018680536,BACKTEST_INIT
824609,Chicago White Sox,Los Angeles Angels,0.5826086956521739,0.4173913043478261,0.16521739130434776,3.8058687192793723,3.9886363985305646,BACKTEST_INIT
824610,Chicago White Sox,Los Angeles Angels,0.5854700854700854,0.4145299145299146,0.17094017094017078,6.364451690946398,5.370673302687546,BACKTEST_INIT
824611,Chicago White Sox,Washington Nationals,0.6155727877687951,0.3844272122312049,0.2311455755375902,5.9069947901219795,1.8952187857052483,BACKTEST_INIT
824612,Chicago White Sox,Washington Nationals,0.4857142857142857,0.5142857142857142,0.028571428571428525,3.9469652190350453,4.886762971036894,BACKTEST_INIT
824613,Chicago White Sox,Washington Nationals,0.5806451612903226,0.4193548387096774,0.16129032258064524,5.459227892772592,2.7323007439045868,BACKTEST_INIT
824614,Chicago White Sox,Tampa Bay Rays,0.5000000000000001,0.4999999999999999,2.220446049250313e-16,4.068136707541565,7.901166526803836,BACKTEST_INIT
824615,Chicago White Sox,Tampa Bay Rays,0.4888888888888889,0.5111111111111111,0.0222222222222222,4.493857737390099,7.155255987846758,BACKTEST_INIT
824616,Chicago White Sox,Tampa Bay Rays,0.47619047619047616,0.5238095238095238,0.04761904761904767,4.535230896995868,4.829812791792948,BACKTEST_INIT
824617,Chicago White Sox,Baltimore Orioles,0.46511627906976744,0.5348837209302326,0.06976744186046518,2.2644403381915597,3.383470480297576,BACKTEST_INIT
824618,Chicago White Sox,Baltimore Orioles,0.4444444444444444,0.5555555555555556,0.11111111111111116,2.2138611298371345,2.886983878666272,BACKTEST_INIT
824619,Chicago White Sox,Baltimore Orioles,0.6086956521739131,0.3913043478260869,0.21739130434782616,4.411645178879012,3.9827223526113666,BACKTEST_INIT
824620,Chicago White Sox,Toronto Blue Jays,0.6097560975609756,0.3902439024390244,0.2195121951219512,4.601135473218392,2.6429485718229104,BACKTEST_INIT
824621,Chicago White Sox,Toronto Blue Jays,0.5238095238095238,0.47619047619047616,0.04761904761904767,1.2369752276498982,1.8894860833087361,BACKTEST_INIT
824622,Chicago White Sox,Toronto Blue Jays,0.6282051282051282,0.3717948717948718,0.2564102564102564,3.1765444968775367,2.715351804804179,BACKTEST_INIT
824632,Chicago Cubs,Milwaukee Brewers,0.25,0.75,0.5,4.11167981899021,9.30307202239286,BACKTEST_INIT
824633,Chicago Cubs,Milwaukee Brewers,0.6411903772726371,0.35880962272736294,0.2823807545452741,9.561432625893191,3.6146174886376796,BACKTEST_INIT
824634,Chicago Cubs,Milwaukee Brewers,0.25,0.75,0.5,3.4271076015316186,10.038329765613382,BACKTEST_INIT
824635,Chicago Cubs,Milwaukee Brewers,0.5046082949308756,0.49539170506912444,0.009216589861751112,4.890697189352645,5.312289662605203,BACKTEST_INIT
824636,Chicago Cubs,Cincinnati Reds,0.5440278988666086,0.45597210113339137,0.08805579773321726,10.67835473368142,5.253756011223487,BACKTEST_INIT
824637,Chicago Cubs,Cincinnati Reds,0.5059171597633136,0.49408284023668636,0.01183431952662728,7.546794519855611,8.212966629883715,BACKTEST_INIT
824638,Chicago Cubs,Cincinnati Reds,0.5421472937000887,0.45785270629991126,0.08429458740017748,7.4749048146519375,5.2272184454929995,BACKTEST_INIT
824639,Chicago Cubs,Chicago White Sox,0.536,0.46399999999999997,0.07200000000000006,6.691908478234721,6.016830368129479,BACKTEST_INIT
824640,Chicago Cubs,Chicago White Sox,0.5374753451676528,0.46252465483234717,0.07495069033530566,4.332550088470386,3.6432041934071044,BACKTEST_INIT
824641,Chicago Cubs,Chicago White Sox,0.5067873303167421,0.49321266968325794,0.013574660633484115,5.143240401587053,7.688064858223401,BACKTEST_INIT
824642,Chicago Cubs,St. Louis Cardinals,0.25,0.75,0.5,2.6129589323441587,8.161273518071667,BACKTEST_INIT
824643,Chicago Cubs,St. Louis Cardinals,0.25,0.75,0.5,1.4554611485648545,5.925494142441672,BACKTEST_INIT
824644,Chicago Cubs,St. Louis Cardinals,0.539795918367347,0.46020408163265303,0.07959183673469394,1.9406223500257593,1.221239434962274,BACKTEST_INIT
824645,Chicago Cubs,Los Angeles Dodgers,0.5447761194029851,0.4552238805970149,0.08955223880597019,9.136123573718363,4.941218584580449,BACKTEST_INIT
824646,Chicago Cubs,Los Angeles Dodgers,0.5464684014869888,0.45353159851301117,0.09293680297397766,4.791584390719188,2.1013549771286204,BACKTEST_INIT
824647,Chicago Cubs,Los Angeles Dodgers,0.501269035532995,0.49873096446700504,0.002538071065989911,4.345074360443151,4.927352873875877,BACKTEST_INIT
824648,Chicago Cubs,New York Yankees,0.5451127819548872,0.4548872180451128,0.09022556390977443,3.5956511236417885,2.65794747644248,BACKTEST_INIT
824649,Chicago Cubs,New York Yankees,0.5019455252918289,0.4980544747081711,0.0038910505836577958,1.5385434305398131,2.651234336865581,BACKTEST_INIT
824650,Chicago Cubs,Detroit Tigers,0.6666666666666666,0.33333333333333337,0.33333333333333326,9.21009212560891,1.6396057613957487,BACKTEST_INIT
824651,Chicago Cubs,New York Yankees,0.5039473684210526,0.4960526315789474,0.007894736842105177,2.8861604335814337,3.3623941054509023,BACKTEST_INIT
824652,Chicago Cubs,Detroit Tigers,0.5000000000000002,0.4999999999999998,4.440892098500626e-16,5.214811665391977,7.973552767589199,BACKTEST_INIT
824653,Chicago Cubs,Minnesota Twins,0.5573122529644269,0.4426877470355731,0.11462450592885376,5.038413834083148,2.9039971540449376,BACKTEST_INIT
824654,Chicago Cubs,Detroit Tigers,0.55078125,0.44921875,0.1015625,4.405127343261847,2.707669645890533,BACKTEST_INIT
824655,Chicago Cubs,Minnesota Twins,0.49149922720247297,0.508500772797527,0.01700154559505407,4.109123812263949,4.192637998139957,BACKTEST_INIT
824656,Chicago Cubs,St. Louis Cardinals,0.490787269681742,0.509212730318258,0.018425460636515956,1.6798766954115025,2.6384208310687822,BACKTEST_INIT
824657,Chicago Cubs,Minnesota Twins,0.4900459418070444,0.5099540581929556,0.019908116385911168,3.14025878711851,4.607574639772144,BACKTEST_INIT
824658,Chicago Cubs,St. Louis Cardinals,0.25,0.75,0.5,1.9810789014140087,8.713739304701011,BACKTEST_INIT
824659,Chicago Cubs,St. Louis Cardinals,0.5672268907563024,0.4327731092436976,0.1344537815126048,6.864868876015444,5.242400465215484,BACKTEST_INIT
824660,Chicago Cubs,San Diego Padres,0.5635593220338984,0.43644067796610164,0.12711864406779672,11.085095236999713,6.730793168731667,BACKTEST_INIT
824661,Chicago Cubs,San Diego Padres,0.5635593220338984,0.43644067796610164,0.12711864406779672,2.8940986619401605,2.2835952939992548,BACKTEST_INIT
824662,Chicago Cubs,San Diego Padres,0.5384615384615383,0.4615384615384617,0.07692307692307665,3.1948837827086534,2.654945273300204,BACKTEST_INIT
824663,Chicago Cubs,Toronto Blue Jays,0.565217391304348,0.434782608695652,0.130434782608696,3.5189445720710513,2.6504714121984723,BACKTEST_INIT
824664,Chicago Cubs,Toronto Blue Jays,0.5481481481481482,0.45185185185185184,0.09629629629629632,4.860686345453017,3.412480012743556,BACKTEST_INIT
824665,Chicago Cubs,Toronto Blue Jays,0.6666666666666666,0.33333333333333337,0.33333333333333326,10.003815859867672,2.3689819047814296,BACKTEST_INIT
824666,Chicago Cubs,Colorado Rockies,0.5069860279441117,0.49301397205588826,0.013972055888223478,4.39410193734297,4.745311751368133,BACKTEST_INIT
824667,Chicago Cubs,Colorado Rockies,0.5338983050847458,0.4661016949152542,0.06779661016949157,4.436724671363097,4.296245317011207,BACKTEST_INIT
824668,Chicago Cubs,Colorado Rockies,0.5079681274900398,0.49203187250996017,0.015936254980079667,3.77843456687292,4.565797925707509,BACKTEST_INIT
824669,Chicago Cubs,San Francisco Giants,0.25,0.75,0.5,3.518368735425783,9.671453790341264,BACKTEST_INIT
824670,Chicago Cubs,San Francisco Giants,0.574766355140187,0.42523364485981296,0.14953271028037407,3.308518161856056,1.242324628477653,BACKTEST_INIT
824671,Chicago Cubs,Athletics,0.49156626506024087,0.5084337349397592,0.016867469879518315,1.8878956584537343,2.598440822488859,BACKTEST_INIT
824672,Chicago Cubs,Athletics,0.49176470588235294,0.5082352941176471,0.01647058823529418,2.933994711003814,3.9549691841351304,BACKTEST_INIT
824673,Chicago Cubs,San Francisco Giants,0.5754716981132075,0.42452830188679247,0.15094339622641506,7.217691330606021,5.694308085684195,BACKTEST_INIT
824674,Chicago Cubs,Houston Astros,0.48830409356725135,0.5116959064327486,0.023391812865497297,2.984110256385052,3.085381792136907,BACKTEST_INIT
824675,Chicago Cubs,Athletics,0.5789473684210527,0.42105263157894735,0.1578947368421053,7.310981602524401,6.483470818184947,BACKTEST_INIT
824676,Chicago Cubs,Houston Astros,0.49002849002849,0.50997150997151,0.019943019943019946,1.775741093895,3.1887204975368557,BACKTEST_INIT
824677,Chicago Cubs,Milwaukee Brewers,0.25,0.75,0.5,3.73095159281071,8.454357262577032,BACKTEST_INIT
824678,Chicago Cubs,Milwaukee Brewers,0.504823151125402,0.495176848874598,0.009646302250803984,2.8318307334533057,4.909198108175529,BACKTEST_INIT
824679,Chicago Cubs,Houston Astros,0.5765306122448979,0.4234693877551021,0.15306122448979576,3.916622276225605,2.5551018116093367,BACKTEST_INIT
824680,Chicago Cubs,Milwaukee Brewers,0.5081967213114753,0.4918032786885247,0.016393442622950616,4.396532506737724,7.248174119355151,BACKTEST_INIT
824681,Chicago Cubs,Cincinnati Reds,0.5743243243243243,0.42567567567567566,0.14864864864864868,6.2808123450379725,4.532742654466858,BACKTEST_INIT
824682,Chicago Cubs,Cincinnati Reds,0.5842293906810035,0.41577060931899645,0.1684587813620071,4.008458099833522,2.4367429641258296,BACKTEST_INIT
824683,Chicago Cubs,Cincinnati Reds,0.5798611111111112,0.42013888888888884,0.15972222222222232,3.5245050958280766,2.293529891167453,BACKTEST_INIT
824684,Chicago Cubs,Cincinnati Reds,0.5802919708029197,0.4197080291970803,0.16058394160583944,3.0023645289421843,1.5083800080588563,BACKTEST_INIT
824685,Chicago Cubs,Arizona Diamondbacks,0.5714285714285713,0.4285714285714287,0.14285714285714257,5.9398104856481755,4.259055853968917,BACKTEST_INIT
824686,Chicago Cubs,Arizona Diamondbacks,0.5776892430278885,0.4223107569721115,0.15537848605577698,6.107418670135286,3.9645620511519235,BACKTEST_INIT
824687,Chicago Cubs,Arizona Diamondbacks,0.5789473684210525,0.42105263157894746,0.1578947368421051,2.778685452109935,1.7218305692277587,BACKTEST_INIT
824688,Chicago Cubs,Philadelphia Phillies,0.597989949748744,0.402010050251256,0.19597989949748795,6.434161094639421,2.7770938738200863,BACKTEST_INIT
824689,Chicago Cubs,Philadelphia Phillies,0.5911330049261084,0.40886699507389157,0.18226600985221686,6.565719706766442,2.509353949151877,BACKTEST_INIT
824690,Chicago Cubs,Philadelphia Phillies,0.6021505376344086,0.3978494623655914,0.20430107526881724,4.17678719112358,1.8457536478113568,BACKTEST_INIT
824691,Chicago Cubs,New York Mets,0.475,0.525,0.050000000000000044,2.217899270379623,2.3747381912445658,BACKTEST_INIT
824692,Chicago Cubs,Philadelphia Phillies,0.6132596685082873,0.3867403314917127,0.22651933701657456,3.4179784194934335,2.110666195630728,BACKTEST_INIT
824693,Chicago Cubs,New York Mets,0.6666666666666666,0.33333333333333337,0.33333333333333326,8.531251220402638,1.828885916378988,BACKTEST_INIT
824694,Chicago Cubs,New York Mets,0.6666666666666666,0.33333333333333337,0.33333333333333326,10.243817314224906,2.636033698842411,BACKTEST_INIT
824695,Chicago Cubs,Pittsburgh Pirates,0.6101694915254238,0.38983050847457623,0.22033898305084754,6.17321203922979,2.58694298654155,BACKTEST_INIT
824696,Chicago Cubs,Pittsburgh Pirates,0.47547435769524965,0.5245256423047504,0.049051284609500756,1.8772683487809014,3.1660139835209473,BACKTEST_INIT
824697,Chicago Cubs,Pittsburgh Pirates,0.46341317782399716,0.5365868221760028,0.07317364435200568,1.2516444528682231,2.3667475085792464,BACKTEST_INIT
824698,Chicago Cubs,Los Angeles Angels,0.5263157894736842,0.4736842105263158,0.05263157894736836,2.002661306466903,2.628618173609235,BACKTEST_INIT
824699,Chicago Cubs,Los Angeles Angels,0.6486486486486487,0.3513513513513513,0.29729729729729737,5.521470978578453,3.1629513898322275,BACKTEST_INIT
824700,Chicago Cubs,Washington Nationals,0.99296,0.00704,0.9859199999999999,10.213744106002817,1.5357969580273312,BACKTEST_INIT
824701,Chicago Cubs,Washington Nationals,0.11524,0.88476,0.76952,3.9352182069077775,8.699486455082946,BACKTEST_INIT
824702,Chicago Cubs,Los Angeles Angels,0.31682,0.68318,0.36636,3.6831945656339755,5.456212525641372,BACKTEST_INIT
824704,Chicago Cubs,Washington Nationals,0.5535,0.4465,0.10699999999999998,5.1455083550708896,4.710386363889668,BACKTEST_INIT
824714,Boston Red Sox,Los Angeles Angels,0.5411471321695761,0.4588528678304239,0.08229426433915221,3.601813731187295,1.6212509232773986,BACKTEST_INIT
824715,Boston Red Sox,Los Angeles Angels,0.5396825396825398,0.46031746031746024,0.07936507936507953,2.149833741228565,1.5303768776407582,BACKTEST_INIT
824716,Boston Red Sox,Seattle Mariners,0.544750430292599,0.45524956970740105,0.0895008605851979,7.747462407726198,5.958726135989932,BACKTEST_INIT
824717,Boston Red Sox,Seattle Mariners,0.5056818181818182,0.49431818181818177,0.011363636363636465,6.5054047633658225,7.06975228551066,BACKTEST_INIT
824718,Boston Red Sox,San Francisco Giants,0.5427230046948357,0.4572769953051643,0.0854460093896714,5.442808493259994,4.407813699737913,BACKTEST_INIT
824719,Boston Red Sox,Seattle Mariners,0.5441176470588235,0.4558823529411765,0.08823529411764697,3.8484638811052645,2.8092715072465375,BACKTEST_INIT
824720,Boston Red Sox,San Francisco Giants,0.5440222428174233,0.4559777571825767,0.08804448563484657,3.889574512382543,3.043539581209177,BACKTEST_INIT
824721,Boston Red Sox,San Francisco Giants,0.5371263259402121,0.46287367405978785,0.07425265188042429,5.023480405931812,4.632557527263371,BACKTEST_INIT
824722,Boston Red Sox,Arizona Diamondbacks,0.6666666666666666,0.33333333333333337,0.33333333333333326,9.117501459822249,2.9452119212761136,BACKTEST_INIT
824723,Boston Red Sox,Arizona Diamondbacks,0.6666666666666666,0.33333333333333337,0.33333333333333326,9.199867735057751,2.3506159172130654,BACKTEST_INIT
824724,Boston Red Sox,Athletics,0.25,0.75,0.5,1.3172892219409598,5.609796525425606,BACKTEST_INIT
824725,Boston Red Sox,Arizona Diamondbacks,0.5067873303167421,0.49321266968325794,0.013574660633484115,4.058574583360832,4.650915339512885,BACKTEST_INIT
824726,Boston Red Sox,Athletics,0.6666666666666666,0.33333333333333337,0.33333333333333326,10.133607261275259,2.628408553882123,BACKTEST_INIT
824727,Boston Red Sox,Athletics,0.5461254612546126,0.4538745387453874,0.09225092250922518,7.139890594860431,4.109257602987643,BACKTEST_INIT
824728,Boston Red Sox,Chicago White Sox,0.6666666666666666,0.33333333333333337,0.33333333333333326,9.415568803904897,3.0381986401997176,BACKTEST_INIT
824729,Boston Red Sox,Chicago White Sox,0.5481481481481482,0.45185185185185184,0.09629629629629632,3.2798814036377326,2.388187987652168,BACKTEST_INIT
824730,Boston Red Sox,Toronto Blue Jays,0.5020689655172415,0.49793103448275855,0.0041379310344829,1.8416549429034625,4.695917646722781,BACKTEST_INIT
824731,Boston Red Sox,Chicago White Sox,0.5006305170239596,0.49936948297604045,0.0012610340479191073,3.737503870677279,4.104464209045231,BACKTEST_INIT
824732,Boston Red Sox,Baltimore Orioles,0.5503875968992248,0.4496124031007752,0.10077519379844957,2.304672271576772,1.78589829606082,BACKTEST_INIT
824733,Boston Red Sox,Toronto Blue Jays,0.5461538461538461,0.4538461538461539,0.0923076923076922,3.5949034756538922,2.1811360658264483,BACKTEST_INIT
824734,Boston Red Sox,Toronto Blue Jays,0.5461538461538461,0.4538461538461539,0.0923076923076922,5.001373863960596,2.8393508832652974,BACKTEST_INIT
824735,Boston Red Sox,Baltimore Orioles,0.5503875968992248,0.4496124031007752,0.10077519379844957,2.304672271576772,1.78589829606082,BACKTEST_INIT
824736,Boston Red Sox,Baltimore Orioles,0.4955357142857143,0.5044642857142857,0.008928571428571397,2.7920499625433943,2.811289229195166,BACKTEST_INIT
824737,Boston Red Sox,Tampa Bay Rays,0.6666666666666666,0.33333333333333337,0.33333333333333326,6.924433936955371,1.3230882029081636,BACKTEST_INIT
824738,Boston Red Sox,Tampa Bay Rays,0.6666666666666666,0.33333333333333337,0.33333333333333326,7.301454598898184,1.6625502285378877,BACKTEST_INIT
824739,Boston Red Sox,Tampa Bay Rays,0.5573122529644269,0.4426877470355731,0.11462450592885376,6.911663264669141,4.419476547190186,BACKTEST_INIT
824740,Boston Red Sox,Washington Nationals,0.25,0.75,0.5,2.215242248916384,8.003855737604399,BACKTEST_INIT
824741,Boston Red Sox,Washington Nationals,0.49547920433996384,0.5045207956600362,0.009041591320072317,4.558649451829575,4.831898447815646,BACKTEST_INIT
824742,Boston Red Sox,Washington Nationals,0.5635593220338984,0.43644067796610164,0.12711864406779672,5.254700355415842,3.917324602908563,BACKTEST_INIT
824743,Boston Red Sox,New York Yankees,0.5641025641025641,0.4358974358974359,0.1282051282051282,4.614747020059967,3.594614764439423,BACKTEST_INIT
824744,Boston Red Sox,New York Yankees,0.5635593220338984,0.43644067796610164,0.12711864406779672,4.7052625768367085,2.0147485879423708,BACKTEST_INIT
824745,Boston Red Sox,New York Yankees,0.5641025641025641,0.4358974358974359,0.1282051282051282,5.232417115600651,2.333639571531399,BACKTEST_INIT
824746,Boston Red Sox,Toronto Blue Jays,0.5079681274900398,0.49203187250996017,0.015936254980079667,1.9257641026560726,4.7924106036124785,BACKTEST_INIT
824747,Boston Red Sox,New York Yankees,0.5018450184501847,0.4981549815498153,0.003690036900369398,2.7515958504330182,4.083222646954418,BACKTEST_INIT
824748,Boston Red Sox,Toronto Blue Jays,0.5059523809523809,0.49404761904761907,0.011904761904761862,1.6326840446258766,3.9533832809672114,BACKTEST_INIT
824749,Boston Red Sox,Texas Rangers,0.6666666666666666,0.33333333333333337,0.33333333333333326,9.166209682368514,1.4394678963543834,BACKTEST_INIT
824750,Boston Red Sox,Toronto Blue Jays,0.5695067264573991,0.4304932735426009,0.13901345291479816,5.78057369919477,3.0846362576445108,BACKTEST_INIT
824751,Boston Red Sox,Texas Rangers,0.6647230929989549,0.33527690700104507,0.32944618599790987,6.762473641472715,1.986309586387822,BACKTEST_INIT
824752,Boston Red Sox,Texas Rangers,0.25,0.75,0.5,2.6911110896670287,7.304108409025035,BACKTEST_INIT
824753,Boston Red Sox,Baltimore Orioles,0.6666666666666666,0.33333333333333337,0.33333333333333326,7.87329921608713,2.3321947624303307,BACKTEST_INIT
824754,Boston Red Sox,Baltimore Orioles,0.4950980392156863,0.5049019607843137,0.009803921568627416,7.10339709774107,7.243876861767351,BACKTEST_INIT
824755,Boston Red Sox,Baltimore Orioles,0.49156626506024087,0.5084337349397592,0.016867469879518315,2.408714326536426,4.919130378808931,BACKTEST_INIT
824756,Boston Red Sox,Atlanta Braves,0.47593582887700536,0.5240641711229946,0.048128342245989275,5.010709574326257,5.95178992719967,BACKTEST_INIT
824757,Boston Red Sox,Atlanta Braves,0.6666666666666666,0.33333333333333337,0.33333333333333326,7.357381912515317,1.6771743455103025,BACKTEST_INIT
824758,Boston Red Sox,Atlanta Braves,0.5454545454545454,0.4545454545454546,0.09090909090909083,4.061844035154729,3.677845544559941,BACKTEST_INIT
824759,Boston Red Sox,Minnesota Twins,0.49002849002849,0.50997150997151,0.019943019943019946,3.2585236081952265,4.900502882985467,BACKTEST_INIT
824760,Boston Red Sox,Minnesota Twins,0.48830409356725135,0.5116959064327486,0.023391812865497297,4.833163558454795,7.562632016389059,BACKTEST_INIT
824761,Boston Red Sox,Minnesota Twins,0.4894894894894894,0.5105105105105106,0.021021021021021158,2.685100585953857,2.9250339612092424,BACKTEST_INIT
824762,Boston Red Sox,Philadelphia Phillies,0.5672514619883041,0.4327485380116959,0.13450292397660824,2.364639335520415,2.25862277659251,BACKTEST_INIT
824763,Boston Red Sox,Philadelphia Phillies,0.49310344827586217,0.5068965517241378,0.013793103448275668,2.0682446526681275,3.026286543523376,BACKTEST_INIT
824764,Boston Red Sox,Philadelphia Phillies,0.4964788732394366,0.5035211267605634,0.007042253521126751,2.4431614883852832,3.476174624041071,BACKTEST_INIT
824765,Boston Red Sox,Tampa Bay Rays,0.573170731707317,0.426829268292683,0.14634146341463405,1.9038033978924815,1.1379178508783583,BACKTEST_INIT
824766,Boston Red Sox,Tampa Bay Rays,0.6666666666666666,0.33333333333333337,0.33333333333333326,6.726669843554857,1.2853003719721814,BACKTEST_INIT
824767,Boston Red Sox,Tampa Bay Rays,0.5743243243243243,0.42567567567567566,0.14864864864864868,2.1400657681675885,1.6735852170162975,BACKTEST_INIT
824768,Boston Red Sox,Tampa Bay Rays,0.25,0.75,0.5,2.774995925542669,7.776072743740139,BACKTEST_INIT
824769,Boston Red Sox,Houston Astros,0.48,0.52,0.040000000000000036,3.2067256284499104,4.328531250657996,BACKTEST_INIT
824770,Boston Red Sox,New York Yankees,0.4873417721518987,0.5126582278481013,0.02531645569620261,2.209480028520894,4.765706425629967,BACKTEST_INIT
824771,Boston Red Sox,Houston Astros,0.5714285714285713,0.4285714285714287,0.14285714285714257,3.412113049684072,1.585378473901493,BACKTEST_INIT
824772,Boston Red Sox,Houston Astros,0.49047619047619045,0.5095238095238095,0.019047619047619035,3.6321759843477235,7.042323975247236,BACKTEST_INIT
824773,Boston Red Sox,New York Yankees,0.4666666666666667,0.5333333333333333,0.06666666666666665,3.1721045954768377,5.352867637511186,BACKTEST_INIT
824774,Boston Red Sox,New York Yankees,0.46258503401360546,0.5374149659863945,0.07482993197278903,2.2510870500684734,4.9699422674158,BACKTEST_INIT
824775,Boston Red Sox,Detroit Tigers,0.4818181818181818,0.5181818181818182,0.036363636363636376,1.1467943597868868,1.1781690322000125,BACKTEST_INIT
824776,Boston Red Sox,Detroit Tigers,0.25,0.75,0.5,1.3256781120850702,4.706552883914387,BACKTEST_INIT
824777,Boston Red Sox,Detroit Tigers,0.475,0.525,0.050000000000000044,1.087951194391862,2.1020386952703713,BACKTEST_INIT
824778,Boston Red Sox,Detroit Tigers,0.6121212121212122,0.3878787878787878,0.22424242424242435,8.822028950030202,6.808387582541433,BACKTEST_INIT
824779,Boston Red Sox,Milwaukee Brewers,0.5982905982905983,0.4017094017094017,0.19658119658119655,3.4070870892145786,1.420953150090854,BACKTEST_INIT
824780,Boston Red Sox,Milwaukee Brewers,0.4444444444444444,0.5555555555555556,0.11111111111111116,5.937247349732331,8.237106573622139,BACKTEST_INIT
824781,Boston Red Sox,San Diego Padres,0.5,0.5,0.0,2.6294519181590355,2.9702190594627136,BACKTEST_INIT
824782,Boston Red Sox,San Diego Padres,0.6282051282051282,0.3717948717948718,0.2564102564102564,3.220499669797079,3.2165053129487635,BACKTEST_INIT
824783,Boston Red Sox,Milwaukee Brewers,0.43333333333333335,0.5666666666666667,0.1333333333333333,5.312420221966132,7.523480940301646,BACKTEST_INIT
824786,Boston Red Sox,San Diego Padres,0.25,0.75,0.5,1.3569672409914268,5.214505699999705,BACKTEST_INIT
824792,Baltimore Orioles,Cleveland Guardians,0.5411471321695761,0.4588528678304239,0.08229426433915221,4.526315666464315,3.0660270825057556,BACKTEST_INIT
824793,Baltimore Orioles,Cleveland Guardians,0.5058479532163742,0.4941520467836258,0.011695906432748426,1.6729761316437315,2.5518951289834293,BACKTEST_INIT
824794,Baltimore Orioles,Boston Red Sox,0.5050167224080266,0.49498327759197336,0.010033444816053283,1.2650463466763993,3.6105621005569395,BACKTEST_INIT
824795,Baltimore Orioles,Boston Red Sox,0.506145251396648,0.493854748603352,0.012290502793296021,1.4151552847012132,2.060145645540174,BACKTEST_INIT
824796,Baltimore Orioles,Boston Red Sox,0.5415959252971138,0.45840407470288624,0.08319185059422751,6.376825103675654,4.3984411191015695,BACKTEST_INIT
824797,Baltimore Orioles,Boston Red Sox,0.5419847328244275,0.4580152671755725,0.08396946564885499,5.98482102993464,5.468858463180876,BACKTEST_INIT
824798,Baltimore Orioles,Tampa Bay Rays,0.5427230046948357,0.4572769953051643,0.0854460093896714,4.526599901758915,3.285242454002058,BACKTEST_INIT
824799,Baltimore Orioles,Tampa Bay Rays,0.5440222428174233,0.4559777571825767,0.08804448563484657,3.993920304125547,3.2450321822041097,BACKTEST_INIT
824800,Baltimore Orioles,Tampa Bay Rays,0.5371263259402121,0.46287367405978785,0.07425265188042429,4.27787821257876,3.310288005975409,BACKTEST_INIT
824801,Baltimore Orioles,New York Yankees,0.5067466266866567,0.4932533733133433,0.013493253373313419,2.3269894864265703,3.109134167872665,BACKTEST_INIT
824802,Baltimore Orioles,New York Yankees,0.5067466266866567,0.4932533733133433,0.013493253373313419,2.483994233572842,4.00911012816268,BACKTEST_INIT
824803,Baltimore Orioles,New York Yankees,0.536,0.46399999999999997,0.07200000000000006,4.468326006353682,3.232122470226982,BACKTEST_INIT
824804,Baltimore Orioles,Los Angeles Angels,0.5481481481481482,0.45185185185185184,0.09629629629629632,3.607008384289746,2.759311489338299,BACKTEST_INIT
824805,Baltimore Orioles,Los Angeles Angels,0.5006305170239596,0.49936948297604045,0.0012610340479191073,1.780777663912117,3.1791500866647024,BACKTEST_INIT
824806,Baltimore Orioles,Los Angeles Angels,0.5037406483790524,0.4962593516209476,0.007481296758104827,2.1884326394331874,2.8675059239883236,BACKTEST_INIT
824807,Baltimore Orioles,Philadelphia Phillies,0.25,0.75,0.5,1.2083655376468838,5.229437319680088,BACKTEST_INIT
824808,Baltimore Orioles,Philadelphia Phillies,0.5433962264150943,0.45660377358490567,0.08679245283018866,6.592538167358802,4.8505424378504145,BACKTEST_INIT
824809,Baltimore Orioles,Philadelphia Phillies,0.5433962264150943,0.45660377358490567,0.08679245283018866,8.700563514361534,6.376918018436869,BACKTEST_INIT
824810,Baltimore Orioles,Atlanta Braves,0.5478927203065134,0.45210727969348663,0.09578544061302674,4.107882091756252,2.8070870756245694,BACKTEST_INIT
824811,Baltimore Orioles,Atlanta Braves,0.5020920502092049,0.4979079497907951,0.004184100418409775,5.285535652338508,6.085174122825283,BACKTEST_INIT
824812,Baltimore Orioles,Atlanta Braves,0.5283018867924529,0.47169811320754707,0.05660377358490587,4.642237925207134,4.508694964991214,BACKTEST_INIT
824813,Baltimore Orioles,Kansas City Royals,0.5546558704453441,0.44534412955465585,0.10931174089068829,4.728773412135733,1.9287120555366708,BACKTEST_INIT
824814,Baltimore Orioles,Kansas City Royals,0.5542168674698795,0.4457831325301205,0.10843373493975905,5.249047402950261,1.6683113156076754,BACKTEST_INIT
824815,Baltimore Orioles,Chicago Cubs,0.49185667752442996,0.50814332247557,0.016286644951140072,2.0051905485673527,4.293724349432904,BACKTEST_INIT
824816,Baltimore Orioles,Chicago Cubs,0.4943820224719101,0.5056179775280899,0.011235955056179803,6.1271637987373735,8.660561219667159,BACKTEST_INIT
824817,Baltimore Orioles,Kansas City Royals,0.556910569105691,0.44308943089430897,0.11382113821138207,4.638814023776182,1.5035572432736055,BACKTEST_INIT
824818,Baltimore Orioles,Chicago White Sox,0.25,0.75,0.5,2.9846019933706107,8.351875149119465,BACKTEST_INIT
824819,Baltimore Orioles,Chicago White Sox,0.25,0.75,0.5,2.9074287174589633,7.8293295928735205,BACKTEST_INIT
824820,Baltimore Orioles,Chicago Cubs,0.4909688013136289,0.5090311986863711,0.018062397372742234,1.9357905505626085,3.4421282407366514,BACKTEST_INIT
824821,Baltimore Orioles,Washington Nationals,0.5357142857142857,0.4642857142857143,0.0714285714285714,3.0060104965298344,2.8515785375153797,BACKTEST_INIT
824822,Baltimore Orioles,Chicago White Sox,0.5384615384615383,0.4615384615384617,0.07692307692307665,3.5331331598433273,3.280266355076373,BACKTEST_INIT
824823,Baltimore Orioles,San Diego Padres,0.25,0.75,0.5,3.754212360766999,9.247002417531679,BACKTEST_INIT
824824,Baltimore Orioles,Washington Nationals,0.5641025641025641,0.4358974358974359,0.1282051282051282,7.720439374456438,4.699560235147995,BACKTEST_INIT
824825,Baltimore Orioles,Washington Nationals,0.5641025641025641,0.4358974358974359,0.1282051282051282,3.007703165864677,2.1067668857177,BACKTEST_INIT
824826,Baltimore Orioles,San Diego Padres,0.5707762557077626,0.4292237442922374,0.14155251141552516,5.555610461412326,2.9601983805460437,BACKTEST_INIT
824827,Baltimore Orioles,Seattle Mariners,0.5688073394495413,0.4311926605504587,0.13761467889908263,6.312765068106341,3.1878385783134418,BACKTEST_INIT
824828,Baltimore Orioles,San Diego Padres,0.5707762557077626,0.4292237442922374,0.14155251141552516,6.657658325243401,3.1454158479689385,BACKTEST_INIT
824829,Baltimore Orioles,Seattle Mariners,0.5,0.5,0.0,3.358904607167791,3.6050034259690333,BACKTEST_INIT
824830,Baltimore Orioles,Seattle Mariners,0.49671772428884037,0.5032822757111597,0.00656455142231932,3.087222586105483,4.63756588193791,BACKTEST_INIT
824831,Baltimore Orioles,Seattle Mariners,0.49999999999999994,0.5,5.551115123125783e-17,4.230959759933818,5.638081413796122,BACKTEST_INIT
824832,Baltimore Orioles,Toronto Blue Jays,0.4875,0.5125,0.024999999999999967,4.535622901000837,4.618706099158577,BACKTEST_INIT
824833,Baltimore Orioles,Toronto Blue Jays,0.48223350253807107,0.5177664974619289,0.035532994923857864,3.988743980175715,4.71675971961662,BACKTEST_INIT
824834,Baltimore Orioles,Toronto Blue Jays,0.5443548387096774,0.4556451612903226,0.08870967741935476,3.1246846930965733,2.534238221734485,BACKTEST_INIT
824835,Baltimore Orioles,Toronto Blue Jays,0.5421686746987951,0.45783132530120485,0.0843373493975903,2.8461132010142904,2.407713228304221,BACKTEST_INIT
824836,Baltimore Orioles,Tampa Bay Rays,0.6387825081872471,0.36121749181275287,0.27756501637449427,6.523824081919424,1.9854539764773729,BACKTEST_INIT
824837,Baltimore Orioles,Tampa Bay Rays,0.5810055865921788,0.4189944134078212,0.16201117318435765,8.752421553382009,6.545889265896706,BACKTEST_INIT
824838,Baltimore Orioles,Tampa Bay Rays,0.48467966573816157,0.5153203342618384,0.03064066852367686,1.9997541283897373,2.3497793586938593,BACKTEST_INIT
824839,Baltimore Orioles,Detroit Tigers,0.49002849002849,0.50997150997151,0.019943019943019946,1.1921814081751703,1.7559650283142298,BACKTEST_INIT
824840,Baltimore Orioles,Detroit Tigers,0.49002849002849,0.50997150997151,0.019943019943019946,1.14371923393285,1.6845850499132569,BACKTEST_INIT
824841,Baltimore Orioles,New York Yankees,0.49310344827586217,0.5068965517241378,0.013793103448275668,2.9553128620086775,5.089024255761201,BACKTEST_INIT
824842,Baltimore Orioles,Detroit Tigers,0.5765306122448979,0.4234693877551021,0.15306122448979576,3.3179112098795454,2.2530372304141046,BACKTEST_INIT
824843,Baltimore Orioles,New York Yankees,0.5668789808917197,0.43312101910828027,0.13375796178343946,3.1662614645816003,2.8265961520147704,BACKTEST_INIT
824844,Baltimore Orioles,New York Yankees,0.49642857142857144,0.5035714285714286,0.0071428571428571175,3.3012304271210033,3.4602279988896445,BACKTEST_INIT
824845,Baltimore Orioles,Athletics,0.4927007299270073,0.5072992700729927,0.014598540145985384,2.7024622799508844,5.1622105038912975,BACKTEST_INIT
824846,Baltimore Orioles,Athletics,0.25,0.75,0.5,2.9253187925602484,8.40801535619098,BACKTEST_INIT
824847,Baltimore Orioles,Athletics,0.48314606741573035,0.5168539325842696,0.03370786516853924,3.037935702185059,4.278532690106156,BACKTEST_INIT
824848,Baltimore Orioles,Houston Astros,0.5755102040816327,0.42448979591836733,0.15102040816326534,1.663724580874704,1.7001400116904102,BACKTEST_INIT
824849,Baltimore Orioles,Houston Astros,0.25,0.75,0.5,2.384438792628555,6.7877604185042575,BACKTEST_INIT
824850,Baltimore Orioles,Houston Astros,0.5755102040816327,0.42448979591836733,0.15102040816326534,1.6765501898268798,1.7132463462391396,BACKTEST_INIT
824851,Baltimore Orioles,Boston Red Sox,0.5844419725621063,0.4155580274378937,0.16888394512421256,8.313109062079782,3.283774338323738,BACKTEST_INIT
824852,Baltimore Orioles,Boston Red Sox,0.25,0.75,0.5,1.0340528979784704,8.794921052973793,BACKTEST_INIT
824853,Baltimore Orioles,Arizona Diamondbacks,0.6153846153846154,0.3846153846153846,0.23076923076923084,7.621354747384702,6.053722464077101,BACKTEST_INIT
824854,Baltimore Orioles,Boston Red Sox,0.484472049689441,0.515527950310559,0.03105590062111796,4.195929944381776,7.270064441185596,BACKTEST_INIT
824855,Baltimore Orioles,Arizona Diamondbacks,0.4888888888888889,0.5111111111111111,0.0222222222222222,3.4405491898821228,5.004002293304504,BACKTEST_INIT
824856,Baltimore Orioles,Arizona Diamondbacks,0.6159420289855072,0.3840579710144928,0.2318840579710144,4.954974550431139,3.39018704908787,BACKTEST_INIT
824857,Baltimore Orioles,San Francisco Giants,0.4782608695652174,0.5217391304347826,0.04347826086956519,3.806222025410513,5.10175343153551,BACKTEST_INIT
824858,Baltimore Orioles,San Francisco Giants,0.6101694915254238,0.38983050847457623,0.22033898305084754,3.7835865529523085,3.024320716478286,BACKTEST_INIT
824859,Baltimore Orioles,San Francisco Giants,0.6106870229007634,0.3893129770992366,0.22137404580152675,5.052300708089993,3.1834549466778,BACKTEST_INIT
824860,Baltimore Orioles,Texas Rangers,0.5263157894736842,0.4736842105263158,0.05263157894736836,4.149458365702393,7.415289449096072,BACKTEST_INIT
824861,Baltimore Orioles,Texas Rangers,0.5263157894736842,0.4736842105263158,0.05263157894736836,3.336361434132301,5.729173120790395,BACKTEST_INIT
824862,Baltimore Orioles,Minnesota Twins,0.6109,0.3891,0.2218,2.818970148237372,2.141657162231203,BACKTEST_INIT
824863,Baltimore Orioles,Texas Rangers,0.44316,0.55684,0.11368,5.203631089038408,5.703480212319993,BACKTEST_INIT
824864,Baltimore Orioles,Minnesota Twins,0.39858,0.60142,0.20283999999999996,2.4833586584395766,3.1901303867649293,BACKTEST_INIT
824865,Baltimore Orioles,Minnesota Twins,0.50552,0.49448,0.011039999999999994,4.199242438403072,4.188596498984225,BACKTEST_INIT
824874,Atlanta Braves,Colorado Rockies,0.5425812115891133,0.4574187884108867,0.08516242317822664,5.323096778550719,2.3424351793637928,BACKTEST_INIT
824875,Atlanta Braves,Tampa Bay Rays,0.5411471321695761,0.4588528678304239,0.08229426433915221,6.694797322450447,3.3827281870092936,BACKTEST_INIT
824876,Atlanta Braves,Colorado Rockies,0.5440278988666086,0.45597210113339137,0.08805579773321726,2.8490019168440375,1.9394635568824827,BACKTEST_INIT
824877,Atlanta Braves,Colorado Rockies,0.5972793195239113,0.40272068047608867,0.19455863904782267,4.640190945922926,1.2618204066542633,BACKTEST_INIT
824878,Atlanta Braves,Los Angeles Dodgers,0.5079559363525091,0.49204406364749087,0.01591187270501826,2.58842454822913,3.3710402831760455,BACKTEST_INIT
824879,Atlanta Braves,Los Angeles Dodgers,0.5418894830659536,0.45811051693404636,0.08377896613190727,4.817373460753599,4.138212651030792,BACKTEST_INIT
824880,Atlanta Braves,Arizona Diamondbacks,0.25,0.75,0.5,1.7798364146940213,8.190665507655675,BACKTEST_INIT
824881,Atlanta Braves,Los Angeles Dodgers,0.5067264573991032,0.49327354260089684,0.013452914798206317,1.3627366389279438,3.1035110104145014,BACKTEST_INIT
824882,Atlanta Braves,Arizona Diamondbacks,0.6666666666666666,0.33333333333333337,0.33333333333333326,6.59618604163674,1.7375799133100278,BACKTEST_INIT
824883,Atlanta Braves,New York Mets,0.5402298850574713,0.45977011494252873,0.08045977011494254,3.862223918397372,1.6204496494735054,BACKTEST_INIT
824884,Atlanta Braves,Arizona Diamondbacks,0.5080745341614907,0.49192546583850927,0.016149068322981464,1.5288610250575347,1.7779730580922224,BACKTEST_INIT
824885,Atlanta Braves,Miami Marlins,0.5481481481481482,0.45185185185185184,0.09629629629629632,3.709400072756268,2.4360619841224973,BACKTEST_INIT
824886,Atlanta Braves,New York Mets,0.5053763440860215,0.4946236559139785,0.010752688172043001,3.8065892252471913,5.652273523386637,BACKTEST_INIT
824887,Atlanta Braves,New York Mets,0.5066344993968637,0.49336550060313633,0.013268998793727338,3.262420322609497,4.065053654054822,BACKTEST_INIT
824888,Atlanta Braves,Miami Marlins,0.5006305170239596,0.49936948297604045,0.0012610340479191073,3.456549618509258,3.680716954679771,BACKTEST_INIT
824889,Atlanta Braves,Miami Marlins,0.5464684014869888,0.45353159851301117,0.09293680297397766,3.57162606331956,2.890280095912218,BACKTEST_INIT
824890,Atlanta Braves,Washington Nationals,0.5433962264150943,0.45660377358490567,0.08679245283018866,4.900472952917498,2.366825066611039,BACKTEST_INIT
824891,Atlanta Braves,Washington Nationals,0.6473857056434187,0.3526142943565813,0.29477141128683737,7.37653894511134,2.5291017062703514,BACKTEST_INIT
824892,Atlanta Braves,Washington Nationals,0.5433962264150943,0.45660377358490567,0.08679245283018866,4.771399543302902,2.8534200323398,BACKTEST_INIT
824893,Atlanta Braves,San Diego Padres,0.5028328611898017,0.49716713881019825,0.0056657223796034994,5.39625403475967,5.776114898594264,BACKTEST_INIT
824894,Atlanta Braves,Washington Nationals,0.5433962264150943,0.45660377358490567,0.08679245283018866,4.734017094960572,2.14130490636723,BACKTEST_INIT
824895,Atlanta Braves,San Diego Padres,0.55078125,0.44921875,0.1015625,3.922324239507268,2.5208039111845313,BACKTEST_INIT
824896,Atlanta Braves,San Diego Padres,0.5028571428571429,0.4971428571428571,0.005714285714285783,3.597749305238869,7.592760121048715,BACKTEST_INIT
824897,Atlanta Braves,Texas Rangers,0.49473684210526314,0.5052631578947369,0.010526315789473717,5.709023819321747,6.297382227277561,BACKTEST_INIT
824898,Atlanta Braves,San Diego Padres,0.4955357142857143,0.5044642857142857,0.008928571428571397,5.552761278858871,6.855517649426888,BACKTEST_INIT
824899,Atlanta Braves,Texas Rangers,0.6666666666666666,0.33333333333333337,0.33333333333333326,10.048853506806084,2.274166010731124,BACKTEST_INIT
824900,Atlanta Braves,New York Mets,0.5357873210633947,0.46421267893660534,0.07157464212678932,8.46890652561098,8.045271741758214,BACKTEST_INIT
824901,Atlanta Braves,Texas Rangers,0.5542168674698795,0.4457831325301205,0.10843373493975905,3.985040975493175,3.345953648278077,BACKTEST_INIT
824902,Atlanta Braves,New York Mets,0.6666666666666666,0.33333333333333337,0.33333333333333326,10.139940468332545,3.751967734124719,BACKTEST_INIT
824903,Atlanta Braves,New York Mets,0.5648535564853556,0.4351464435146444,0.12970711297071125,5.039730986707223,3.52321128585597,BACKTEST_INIT
824904,Atlanta Braves,New York Mets,0.5672268907563024,0.4327731092436976,0.1344537815126048,6.594244724373368,5.681718156808445,BACKTEST_INIT
824905,Atlanta Braves,St. Louis Cardinals,0.48776223776223765,0.5122377622377623,0.024475524475524646,1.6506622593062357,3.8215914755755955,BACKTEST_INIT
824906,Atlanta Braves,St. Louis Cardinals,0.5654008438818565,0.4345991561181435,0.13080168776371304,3.785984978118445,2.692274032264579,BACKTEST_INIT
824907,Atlanta Braves,St. Louis Cardinals,0.4928825622775801,0.5071174377224199,0.014234875444839812,1.3398610641998459,3.706546749834306,BACKTEST_INIT
824908,Atlanta Braves,Milwaukee Brewers,0.5622317596566524,0.4377682403433476,0.1244635193133048,2.859562747268247,1.868384549407988,BACKTEST_INIT
824909,Atlanta Braves,Milwaukee Brewers,0.5670995670995671,0.4329004329004329,0.1341991341991342,2.157781052502282,1.4087899804911288,BACKTEST_INIT
824910,Atlanta Braves,Milwaukee Brewers,0.565217391304348,0.434782608695652,0.130434782608696,1.8526323651728687,1.2773822676401574,BACKTEST_INIT
824911,Atlanta Braves,San Francisco Giants,0.5046082949308756,0.49539170506912444,0.009216589861751112,1.4067541225686575,3.3799569378401766,BACKTEST_INIT
824912,Atlanta Braves,San Francisco Giants,0.25,0.75,0.5,2.1313519129695404,6.895041108935552,BACKTEST_INIT
824913,Atlanta Braves,San Francisco Giants,0.25,0.75,0.5,2.1313519129695404,6.895041108935552,BACKTEST_INIT
824914,Atlanta Braves,Pittsburgh Pirates,0.4930232558139534,0.5069767441860467,0.013953488372093259,2.1467210008002904,5.511687413656104,BACKTEST_INIT
824915,Atlanta Braves,Pittsburgh Pirates,0.5754716981132075,0.42452830188679247,0.15094339622641506,4.549942648799116,3.7325064160226393,BACKTEST_INIT
824916,Atlanta Braves,Pittsburgh Pirates,0.574766355140187,0.42523364485981296,0.14953271028037407,5.242972916019498,3.501009139969475,BACKTEST_INIT
824917,Atlanta Braves,Toronto Blue Jays,0.5789473684210527,0.42105263157894735,0.1578947368421053,4.5159957047873265,3.699276844060873,BACKTEST_INIT
824918,Atlanta Braves,Toronto Blue Jays,0.582010582010582,0.417989417989418,0.16402116402116396,7.121307452675822,4.401270852998878,BACKTEST_INIT
824919,Atlanta Braves,Toronto Blue Jays,0.5781990521327014,0.4218009478672986,0.1563981042654028,5.820380496059887,3.320292831413345,BACKTEST_INIT
824920,Atlanta Braves,Washington Nationals,0.5765306122448979,0.4234693877551021,0.15306122448979576,5.488208696529452,2.766866299022994,BACKTEST_INIT
824921,Atlanta Braves,Washington Nationals,0.49002849002849,0.50997150997151,0.019943019943019946,1.820630194272555,2.343735857652967,BACKTEST_INIT
824922,Atlanta Braves,Washington Nationals,0.5861658456486042,0.4138341543513958,0.17233169129720838,6.0365364997330015,1.947980572078877,BACKTEST_INIT
824923,Atlanta Braves,Boston Red Sox,0.5115511551155115,0.4884488448844885,0.02310231023102305,2.2362102355166398,2.306073602088211,BACKTEST_INIT
824924,Atlanta Braves,Boston Red Sox,0.5542857142857143,0.44571428571428573,0.10857142857142854,2.2213342889309295,1.9621127667224252,BACKTEST_INIT
824925,Atlanta Braves,Boston Red Sox,0.5050167224080265,0.49498327759197347,0.010033444816053061,1.856996340643681,1.900712610275293,BACKTEST_INIT
824926,Atlanta Braves,Chicago Cubs,0.5823529411764706,0.41764705882352937,0.16470588235294126,4.822688652709412,1.5022640687640005,BACKTEST_INIT
824927,Atlanta Braves,Chicago Cubs,0.6666666666666666,0.33333333333333337,0.33333333333333326,6.731434175513346,1.5028836446491636,BACKTEST_INIT
824928,Atlanta Braves,Chicago Cubs,0.6290435139573071,0.37095648604269293,0.25808702791461413,5.672860779308355,1.596908054455917,BACKTEST_INIT
824929,Atlanta Braves,Detroit Tigers,0.5755102040816327,0.42448979591836733,0.15102040816326534,4.0664674753563945,2.989853955235775,BACKTEST_INIT
824930,Atlanta Braves,Detroit Tigers,0.5774058577405857,0.4225941422594143,0.15481171548117145,4.5552592844290585,3.289872511631347,BACKTEST_INIT
824931,Atlanta Braves,Detroit Tigers,0.4787234042553192,0.5212765957446808,0.0425531914893616,3.7498474919313916,4.035047773162966,BACKTEST_INIT
824932,Atlanta Braves,Philadelphia Phillies,0.5974096683715557,0.40259033162844426,0.19481933674311147,8.222420990549338,3.3666482719854502,BACKTEST_INIT
824933,Atlanta Braves,Philadelphia Phillies,0.5806451612903226,0.4193548387096774,0.16129032258064524,5.574616036150436,3.3411238358280166,BACKTEST_INIT
824934,Atlanta Braves,Philadelphia Phillies,0.4857142857142857,0.5142857142857142,0.028571428571428525,4.906767013760703,6.881921862192851,BACKTEST_INIT
824935,Atlanta Braves,Miami Marlins,0.25,0.75,0.5,3.209106705709839,9.009471626148802,BACKTEST_INIT
824936,Atlanta Braves,Miami Marlins,0.4888888888888889,0.5111111111111111,0.0222222222222222,4.669347334074081,4.873830586310713,BACKTEST_INIT
824937,Atlanta Braves,Miami Marlins,0.6666666666666666,0.33333333333333337,0.33333333333333326,9.521892261413896,1.3817772538983137,BACKTEST_INIT
824938,Atlanta Braves,Cleveland Guardians,0.25,0.75,0.5,1.2065729879985527,4.832449707181721,BACKTEST_INIT
824939,Atlanta Braves,Cleveland Guardians,0.6097560975609756,0.3902439024390244,0.2195121951219512,9.217328932684717,4.276747940152964,BACKTEST_INIT
824940,Atlanta Braves,Athletics,0.5263157894736842,0.4736842105263158,0.05263157894736836,3.0657353207759517,3.430120149881852,BACKTEST_INIT
824941,Atlanta Braves,Cleveland Guardians,0.4339622641509434,0.5660377358490566,0.13207547169811318,2.7935100581629366,3.903587444625501,BACKTEST_INIT
824942,Atlanta Braves,Athletics,0.6486486486486487,0.3513513513513513,0.29729729729729737,3.60007518155828,1.5365415034039966,BACKTEST_INIT
824943,Atlanta Braves,Athletics,0.65392,0.34608,0.30783999999999995,3.5478042168448303,2.6371937604342546,BACKTEST_INIT
824944,Atlanta Braves,Kansas City Royals,0.90408,0.09592,0.80816,5.5874072559456085,1.8049303249532085,BACKTEST_INIT
824945,Atlanta Braves,Kansas City Royals,0.89478,0.10522,0.78956,5.273438199284886,1.753472103157695,BACKTEST_INIT
824946,Atlanta Braves,Kansas City Royals,0.57478,0.42522,0.14955999999999997,4.2722062518969235,3.7802916764503047,BACKTEST_INIT
824957,Athletics,Toronto Blue Jays,0.5411471321695761,0.4588528678304239,0.08229426433915221,5.336228268520047,4.104815214974225,BACKTEST_INIT
824958,Athletics,Toronto Blue Jays,0.5396825396825398,0.46031746031746024,0.07936507936507953,2.0052750030939333,1.9777350770321762,BACKTEST_INIT
824959,Athletics,Baltimore Orioles,0.5057870370370371,0.4942129629629629,0.011574074074074181,3.1981699664972103,4.055720063969324,BACKTEST_INIT
824960,Athletics,Baltimore Orioles,0.5421472937000887,0.45785270629991126,0.08429458740017748,5.725781016908281,3.978354252438369,BACKTEST_INIT
824961,Athletics,Baltimore Orioles,0.5059171597633136,0.49408284023668636,0.01183431952662728,3.4112639312333304,3.525881178593143,BACKTEST_INIT
824962,Athletics,Minnesota Twins,0.5067264573991032,0.49327354260089684,0.013452914798206317,6.376801132757065,8.667150906872958,BACKTEST_INIT
824963,Athletics,Minnesota Twins,0.5415162454873647,0.45848375451263534,0.08303249097472931,4.714340911612655,1.5267328089323784,BACKTEST_INIT
824964,Athletics,Minnesota Twins,0.544883303411131,0.455116696588869,0.08976660682226201,6.654315049557844,6.547748771226818,BACKTEST_INIT
824965,Athletics,Texas Rangers,0.5074441687344913,0.4925558312655087,0.014888337468982549,3.5980197856237774,3.931737356103236,BACKTEST_INIT
824966,Athletics,Texas Rangers,0.539795918367347,0.46020408163265303,0.07959183673469394,7.0148726036996925,2.7363703054741744,BACKTEST_INIT
824967,Athletics,Tampa Bay Rays,0.25,0.75,0.5,4.526411762353732,11.856681292296505,BACKTEST_INIT
824968,Athletics,Texas Rangers,0.5405960945529291,0.4594039054470709,0.08119218910585824,8.111786840840486,3.1614558051365576,BACKTEST_INIT
824969,Athletics,Tampa Bay Rays,0.5066344993968637,0.49336550060313633,0.013268998793727338,2.1477682293241056,2.066692073926948,BACKTEST_INIT
824970,Athletics,Tampa Bay Rays,0.25,0.75,0.5,4.900471702796583,11.856681292296505,BACKTEST_INIT
824971,Athletics,Detroit Tigers,0.5012820512820514,0.4987179487179486,0.002564102564102777,4.328437388841394,8.490094205940888,BACKTEST_INIT
824972,Athletics,Detroit Tigers,0.25,0.75,0.5,1.1936478578712724,9.73516191675044,BACKTEST_INIT
824973,Athletics,Boston Red Sox,0.5040214477211796,0.4959785522788204,0.008042895442359255,3.7233765341780085,3.761239689930985,BACKTEST_INIT
824974,Athletics,Boston Red Sox,0.5033112582781457,0.4966887417218543,0.0066225165562914245,2.555155484495197,3.334511923783956,BACKTEST_INIT
824975,Athletics,Detroit Tigers,0.5039473684210526,0.4960526315789474,0.007894736842105177,7.870701861286431,8.081780762299335,BACKTEST_INIT
824976,Athletics,Boston Red Sox,0.5054347826086957,0.4945652173913043,0.010869565217391353,3.600752159633421,4.552157518888808,BACKTEST_INIT
824977,Athletics,Boston Red Sox,0.505464480874317,0.49453551912568305,0.010928961748633892,5.072375302296406,8.330486096345787,BACKTEST_INIT
824978,Athletics,Washington Nationals,0.6666666666666666,0.33333333333333337,0.33333333333333326,11.00528049721255,1.6139317845059928,BACKTEST_INIT
824979,Athletics,Washington Nationals,0.25,0.75,0.5,3.4691056631391977,12.415611225129938,BACKTEST_INIT
824980,Athletics,Miami Marlins,0.490787269681742,0.509212730318258,0.018425460636515956,2.114826184717867,4.918614406365217,BACKTEST_INIT
824981,Athletics,Washington Nationals,0.49149922720247297,0.508500772797527,0.01700154559505407,2.4366574679753628,5.984692562205682,BACKTEST_INIT
824982,Athletics,Miami Marlins,0.6666666666666666,0.33333333333333337,0.33333333333333326,6.823982136170144,1.7118165953454647,BACKTEST_INIT
824983,Athletics,Miami Marlins,0.49066213921901536,0.5093378607809846,0.018675721561969283,6.537575565998387,11.535310734444401,BACKTEST_INIT
824984,Athletics,Los Angeles Dodgers,0.25,0.75,0.5,3.8137461538996176,10.24635098544197,BACKTEST_INIT
824985,Athletics,Los Angeles Dodgers,0.25,0.75,0.5,3.528600627044937,9.331655439351557,BACKTEST_INIT
824986,Athletics,Los Angeles Dodgers,0.49547920433996384,0.5045207956600362,0.009041591320072317,3.73929564421699,4.367242679675217,BACKTEST_INIT
824987,Athletics,Los Angeles Angels,0.25,0.75,0.5,1.353691949440157,6.928756545007826,BACKTEST_INIT
824988,Athletics,Los Angeles Angels,0.5432692307692308,0.45673076923076916,0.08653846153846168,10.483270907220232,10.270765364722397,BACKTEST_INIT
824989,Athletics,Los Angeles Angels,0.5701754385964914,0.42982456140350855,0.1403508771929829,6.120950126476314,5.0090511662103365,BACKTEST_INIT
824990,Athletics,Los Angeles Angels,0.565217391304348,0.434782608695652,0.130434782608696,6.282558265806543,2.324365364436055,BACKTEST_INIT
824991,Athletics,Pittsburgh Pirates,0.6666666666666666,0.33333333333333337,0.33333333333333326,9.174659351704157,2.3085423593294956,BACKTEST_INIT
824992,Athletics,Pittsburgh Pirates,0.5079681274900398,0.49203187250996017,0.015936254980079667,5.730407282090182,5.694838843496926,BACKTEST_INIT
824993,Athletics,Pittsburgh Pirates,0.5069860279441117,0.49301397205588826,0.013972055888223478,4.83648284296641,7.175666767001676,BACKTEST_INIT
824994,Athletics,Colorado Rockies,0.5727272727272728,0.42727272727272725,0.1454545454545455,6.4500695820096094,4.1323319020938625,BACKTEST_INIT
824995,Athletics,Colorado Rockies,0.5707762557077626,0.4292237442922374,0.14155251141552516,5.806126872882748,3.3875115521038524,BACKTEST_INIT
824996,Athletics,Milwaukee Brewers,0.5694444444444445,0.43055555555555547,0.13888888888888906,8.758518767937183,4.141183553583249,BACKTEST_INIT
824997,Athletics,Colorado Rockies,0.5707762557077626,0.4292237442922374,0.14155251141552516,7.235862306040961,3.6819745680777034,BACKTEST_INIT
824998,Athletics,Milwaukee Brewers,0.5,0.5,0.0,4.034805022596371,4.327489053247408,BACKTEST_INIT
824999,Athletics,Milwaukee Brewers,0.49671772428884037,0.5032822757111597,0.00656455142231932,8.53667207650343,10.437094189128285,BACKTEST_INIT
825000,Athletics,New York Yankees,0.25,0.75,0.5,1.3895062970347454,8.478090792561263,BACKTEST_INIT
825001,Athletics,New York Yankees,0.5418994413407823,0.4581005586592177,0.08379888268156455,3.981280042628441,3.168826275123814,BACKTEST_INIT
825002,Athletics,New York Yankees,0.25,0.75,0.5,1.2266190570729367,9.454837794810912,BACKTEST_INIT
825003,Athletics,Seattle Mariners,0.47593582887700536,0.5240641711229946,0.048128342245989275,2.0102254304899203,2.0128097277381394,BACKTEST_INIT
825004,Athletics,Seattle Mariners,0.25,0.75,0.5,3.22461255195467,10.274428154361265,BACKTEST_INIT
825005,Athletics,Seattle Mariners,0.5786802030456852,0.42131979695431476,0.15736040609137047,6.025403247113539,3.156368871553995,BACKTEST_INIT
825006,Athletics,San Francisco Giants,0.5115511551155115,0.4884488448844885,0.02310231023102305,4.595314128089212,5.082117370050231,BACKTEST_INIT
825007,Athletics,San Francisco Giants,0.5823529411764706,0.41764705882352937,0.16470588235294126,5.0179818824800275,2.313704753132208,BACKTEST_INIT
825008,Athletics,St. Louis Cardinals,0.5823529411764706,0.41764705882352937,0.16470588235294126,5.160046868559203,3.118922405394967,BACKTEST_INIT
825009,Athletics,San Francisco Giants,0.5823529411764706,0.41764705882352937,0.16470588235294126,4.9768911137646175,2.400365058856934,BACKTEST_INIT
825010,Athletics,St. Louis Cardinals,0.49310344827586217,0.5068965517241378,0.013793103448275668,3.2518919007907225,5.175395840221816,BACKTEST_INIT
825011,Athletics,St. Louis Cardinals,0.5668789808917197,0.43312101910828027,0.13375796178343946,2.4033384980084302,2.1225003490244565,BACKTEST_INIT
825012,Athletics,Cleveland Guardians,0.5776892430278885,0.4223107569721115,0.15537848605577698,2.6310075131968116,1.803972199860997,BACKTEST_INIT
825013,Athletics,Cleveland Guardians,0.48,0.52,0.040000000000000036,5.58386377139019,10.254742823080969,BACKTEST_INIT
825014,Athletics,Cleveland Guardians,0.48847926267281105,0.511520737327189,0.02304147465437789,3.7700494213049596,8.041185609208137,BACKTEST_INIT
825015,Athletics,Kansas City Royals,0.4898989898989899,0.5101010101010102,0.020202020202020277,1.810121566278652,4.087275716577402,BACKTEST_INIT
825016,Athletics,Kansas City Royals,0.5755102040816327,0.42448979591836733,0.15102040816326534,3.731276410100815,3.4638490763274943,BACKTEST_INIT
825017,Athletics,Kansas City Royals,0.5854700854700854,0.4145299145299146,0.17094017094017078,6.887107737192538,4.125455422985874,BACKTEST_INIT
825018,Athletics,Chicago White Sox,0.475,0.525,0.050000000000000044,6.316554104274747,6.534908261524818,BACKTEST_INIT
825019,Athletics,Chicago White Sox,0.4950495049504951,0.504950495049505,0.009900990099009854,4.808568070448537,6.123096563038577,BACKTEST_INIT
825020,Athletics,Chicago White Sox,0.25,0.75,0.5,2.6742515667131554,6.869150945229061,BACKTEST_INIT
825021,Athletics,Texas Rangers,0.609271523178808,0.39072847682119205,0.2185430463576159,1.6107599231508372,1.4395146679655888,BACKTEST_INIT
825022,Athletics,Texas Rangers,0.25,0.75,0.5,1.5208368959851095,9.063312566104775,BACKTEST_INIT
825023,Athletics,Texas Rangers,0.620253164556962,0.379746835443038,0.240506329113924,4.559666706239346,3.353880707863957,BACKTEST_INIT
825024,Athletics,Texas Rangers,0.44871794871794873,0.5512820512820513,0.10256410256410259,1.595837489321033,2.2539169982996095,BACKTEST_INIT
825025,Athletics,Houston Astros,0.25,0.75,0.5,1.2370596974729717,10.18777667854538,BACKTEST_INIT
825026,Athletics,Houston Astros,0.5238095238095238,0.47619047619047616,0.04761904761904767,3.7982612638437185,8.076020287250707,BACKTEST_INIT
825027,Athletics,Houston Astros,0.6593457117595048,0.34065428824049515,0.3186914235190097,9.509355522960815,3.690981418614237,BACKTEST_INIT
825037,Arizona Diamondbacks,Philadelphia Phillies,0.25,0.75,0.5,1.2875139857543219,6.5085726888778614,BACKTEST_INIT
825038,Arizona Diamondbacks,Philadelphia Phillies,0.5045766590389016,0.4954233409610984,0.009153318077803174,1.266521909899632,2.760333792755527,BACKTEST_INIT
825039,Arizona Diamondbacks,Chicago Cubs,0.5079559363525091,0.49204406364749087,0.01591187270501826,3.1866830083669457,4.56454584574896,BACKTEST_INIT
825040,Arizona Diamondbacks,Philadelphia Phillies,0.5046082949308756,0.49539170506912444,0.009216589861751112,1.1195773789168018,2.591332568195919,BACKTEST_INIT
825041,Arizona Diamondbacks,Chicago Cubs,0.5059880239520957,0.49401197604790426,0.011976047904191489,3.5608043885872576,4.240678485119259,BACKTEST_INIT
825042,Arizona Diamondbacks,Chicago Cubs,0.25,0.75,0.5,1.347720804488929,5.058113435645032,BACKTEST_INIT
825043,Arizona Diamondbacks,Cincinnati Reds,0.5059880239520957,0.49401197604790426,0.011976047904191489,5.405720200186375,10.112379755830169,BACKTEST_INIT
825044,Arizona Diamondbacks,Cincinnati Reds,0.6666666666666666,0.33333333333333337,0.33333333333333326,8.011386944471486,1.3145298132318455,BACKTEST_INIT
825045,Arizona Diamondbacks,Cincinnati Reds,0.5067466266866567,0.4932533733133433,0.013493253373313419,7.777985613000329,8.631293955749422,BACKTEST_INIT
825046,Arizona Diamondbacks,Colorado Rockies,0.6666666666666666,0.33333333333333337,0.33333333333333326,8.847866854923183,1.5378902201872844,BACKTEST_INIT
825047,Arizona Diamondbacks,Colorado Rockies,0.5065243179122183,0.4934756820877817,0.013048635824436605,1.5988923419306256,2.045161571868859,BACKTEST_INIT
825048,Arizona Diamondbacks,Colorado Rockies,0.5421245421245421,0.4578754578754579,0.08424908424908417,3.8136877869925465,2.4303370485875218,BACKTEST_INIT
825049,Arizona Diamondbacks,Los Angeles Dodgers,0.5048899755501222,0.49511002444987784,0.009779951100244322,3.543566080560908,4.375706230401288,BACKTEST_INIT
825050,Arizona Diamondbacks,Los Angeles Dodgers,0.5078597339782346,0.4921402660217654,0.01571946795646917,2.6879401950711017,3.002942378497414,BACKTEST_INIT
825051,Arizona Diamondbacks,Los Angeles Dodgers,0.5049382716049383,0.4950617283950617,0.009876543209876631,2.538769447633524,4.475961367598556,BACKTEST_INIT
825052,Arizona Diamondbacks,San Diego Padres,0.25,0.75,0.5,3.673242318844011,9.90763454489923,BACKTEST_INIT
825053,Arizona Diamondbacks,San Diego Padres,0.6666666666666666,0.33333333333333337,0.33333333333333326,9.842652144452305,2.7132606619141497,BACKTEST_INIT
825054,Arizona Diamondbacks,San Diego Padres,0.5447761194029851,0.4552238805970149,0.08955223880597019,3.5318078267501836,2.016844113968482,BACKTEST_INIT
825055,Arizona Diamondbacks,Athletics,0.5352798053527981,0.46472019464720193,0.07055961070559613,5.675536205640914,4.756967558156046,BACKTEST_INIT
825056,Arizona Diamondbacks,Athletics,0.5000000000000002,0.4999999999999998,4.440892098500626e-16,2.6039599332053864,3.4623884596216064,BACKTEST_INIT
825057,Arizona Diamondbacks,St. Louis Cardinals,0.5573122529644269,0.4426877470355731,0.11462450592885376,3.9886499630584082,3.2632202578104232,BACKTEST_INIT
825058,Arizona Diamondbacks,Athletics,0.55078125,0.44921875,0.1015625,6.073429972596333,2.797838744569072,BACKTEST_INIT
825059,Arizona Diamondbacks,St. Louis Cardinals,0.4900459418070444,0.5099540581929556,0.019908116385911168,4.1876248095520126,4.148739162502277,BACKTEST_INIT
825060,Arizona Diamondbacks,St. Louis Cardinals,0.5542168674698795,0.4457831325301205,0.10843373493975905,3.5897736390250197,2.4215116489105357,BACKTEST_INIT
825061,Arizona Diamondbacks,Milwaukee Brewers,0.5625,0.4375,0.125,4.371888577764484,3.563680329586786,BACKTEST_INIT
825062,Arizona Diamondbacks,Milwaukee Brewers,0.5672268907563024,0.4327731092436976,0.1344537815126048,4.885741730248512,3.4198080034181615,BACKTEST_INIT
825063,Arizona Diamondbacks,Milwaukee Brewers,0.49066213921901536,0.5093378607809846,0.018675721561969283,4.567022051972613,6.478459769965513,BACKTEST_INIT
825064,Arizona Diamondbacks,San Francisco Giants,0.5635593220338984,0.43644067796610164,0.12711864406779672,6.556001069758846,2.3884567931774363,BACKTEST_INIT
825065,Arizona Diamondbacks,San Francisco Giants,0.5384615384615383,0.4615384615384617,0.07692307692307665,2.124747618981668,1.938706253978793,BACKTEST_INIT
825066,Arizona Diamondbacks,San Francisco Giants,0.5635593220338984,0.43644067796610164,0.12711864406779672,4.093448017810584,3.0888890188044758,BACKTEST_INIT
825067,Arizona Diamondbacks,Minnesota Twins,0.5051759834368531,0.4948240165631469,0.010351966873706209,7.838358960342026,9.199867735057751,BACKTEST_INIT
825068,Arizona Diamondbacks,Minnesota Twins,0.5670995670995671,0.4329004329004329,0.1341991341991342,7.795819341045666,3.736831811682224,BACKTEST_INIT
825069,Arizona Diamondbacks,Minnesota Twins,0.565217391304348,0.434782608695652,0.130434782608696,4.7266706571157595,3.6606365644159076,BACKTEST_INIT
825070,Arizona Diamondbacks,Los Angeles Angels,0.5695067264573991,0.4304932735426009,0.13901345291479816,4.577936005001772,2.5976247451558203,BACKTEST_INIT
825071,Arizona Diamondbacks,Los Angeles Angels,0.5695067264573991,0.4304932735426009,0.13901345291479816,3.9739809443229666,1.9959143343656884,BACKTEST_INIT
825072,Arizona Diamondbacks,Los Angeles Angels,0.5079681274900398,0.49203187250996017,0.015936254980079667,2.4902911020456577,6.276915917767309,BACKTEST_INIT
825073,Arizona Diamondbacks,Washington Nationals,0.5754716981132075,0.42452830188679247,0.15094339622641506,5.025795775132962,1.7272237268721211,BACKTEST_INIT
825074,Arizona Diamondbacks,Washington Nationals,0.49774774774774777,0.5022522522522522,0.0045045045045044585,2.153684168435678,4.17832403029006,BACKTEST_INIT
825075,Arizona Diamondbacks,Washington Nationals,0.25,0.75,0.5,2.3250238932733485,11.271601333671537,BACKTEST_INIT
825076,Arizona Diamondbacks,Los Angeles Dodgers,0.25,0.75,0.5,1.5250312560315282,5.628225243802972,BACKTEST_INIT
825077,Arizona Diamondbacks,Los Angeles Dodgers,0.49156626506024087,0.5084337349397592,0.016867469879518315,4.355301362698864,5.548271022220476,BACKTEST_INIT
825078,Arizona Diamondbacks,Los Angeles Dodgers,0.49261083743842365,0.5073891625615763,0.014778325123152636,2.8442851092597032,6.125892119650523,BACKTEST_INIT
825079,Arizona Diamondbacks,Los Angeles Dodgers,0.582010582010582,0.417989417989418,0.16402116402116396,2.8617317515675467,2.23264768159861,BACKTEST_INIT
825080,Arizona Diamondbacks,Colorado Rockies,0.544502617801047,0.45549738219895297,0.08900523560209406,2.788406596886661,2.3679710518798327,BACKTEST_INIT
825081,Arizona Diamondbacks,Colorado Rockies,0.5765306122448979,0.4234693877551021,0.15306122448979576,4.015881512237346,3.016249037530595,BACKTEST_INIT
825082,Arizona Diamondbacks,Colorado Rockies,0.5765306122448979,0.4234693877551021,0.15306122448979576,2.5324463309201515,1.755032702943649,BACKTEST_INIT
825083,Arizona Diamondbacks,Colorado Rockies,0.5624695285658325,0.43753047143416746,0.12493905713166509,3.033351871580555,2.4386626511901808,BACKTEST_INIT
825084,Arizona Diamondbacks,San Francisco Giants,0.5765306122448979,0.4234693877551021,0.15306122448979576,4.393077529012254,1.8067689562750684,BACKTEST_INIT
825085,Arizona Diamondbacks,New York Mets,0.4927007299270073,0.5072992700729927,0.014598540145985384,2.1243093071385935,2.5675649234151683,BACKTEST_INIT
825086,Arizona Diamondbacks,San Francisco Giants,0.6666666666666666,0.33333333333333337,0.33333333333333326,9.789562291914736,1.2929218766972657,BACKTEST_INIT
825087,Arizona Diamondbacks,San Francisco Giants,0.5081967213114753,0.4918032786885247,0.016393442622950616,4.350979865964985,8.770347023844108,BACKTEST_INIT
825088,Arizona Diamondbacks,New York Mets,0.48828125000000006,0.51171875,0.023437499999999944,2.425684160711393,2.7451709953349708,BACKTEST_INIT
825089,Arizona Diamondbacks,New York Mets,0.48314606741573035,0.5168539325842696,0.03370786516853924,2.093868775111524,2.812625797990014,BACKTEST_INIT
825090,Arizona Diamondbacks,Pittsburgh Pirates,0.4860557768924303,0.5139442231075697,0.027888446215139417,1.1455473040957942,2.4792862926544244,BACKTEST_INIT
825091,Arizona Diamondbacks,Pittsburgh Pirates,0.6666666666666666,0.33333333333333337,0.33333333333333326,9.4520580598882,2.977427911701545,BACKTEST_INIT
825092,Arizona Diamondbacks,Pittsburgh Pirates,0.4811715481171548,0.5188284518828452,0.03765690376569042,2.3950755199901095,3.3747480538005217,BACKTEST_INIT
825093,Arizona Diamondbacks,San Diego Padres,0.48502994011976047,0.5149700598802396,0.02994011976047911,3.0531444918916657,7.1699814470452665,BACKTEST_INIT
825094,Arizona Diamondbacks,San Diego Padres,0.4857142857142857,0.5142857142857142,0.028571428571428525,3.3918580113729515,6.534798775686385,BACKTEST_INIT
825095,Arizona Diamondbacks,San Diego Padres,0.25,0.75,0.5,1.7951010400162926,5.388190627206136,BACKTEST_INIT
825096,Arizona Diamondbacks,Chicago White Sox,0.5911330049261084,0.40886699507389157,0.18226600985221686,8.976676798684391,6.617423953961119,BACKTEST_INIT
825097,Arizona Diamondbacks,Chicago White Sox,0.46258503401360546,0.5374149659863945,0.07482993197278903,5.65269634492057,9.682826382006072,BACKTEST_INIT
825098,Arizona Diamondbacks,Toronto Blue Jays,0.6081871345029239,0.39181286549707606,0.21637426900584789,6.264064389488957,2.2695552434587043,BACKTEST_INIT
825099,Arizona Diamondbacks,Chicago White Sox,0.4666666666666667,0.5333333333333333,0.06666666666666665,5.960709510334338,6.517638648642612,BACKTEST_INIT
825100,Arizona Diamondbacks,Toronto Blue Jays,0.6079545454545454,0.3920454545454546,0.21590909090909083,5.677372692716663,2.034844952189247,BACKTEST_INIT
825101,Arizona Diamondbacks,Toronto Blue Jays,0.6374002089864159,0.3625997910135841,0.27480041797283183,6.585262989059752,2.023140678744852,BACKTEST_INIT
825102,Arizona Diamondbacks,Atlanta Braves,0.6097560975609756,0.3902439024390244,0.2195121951219512,1.6146421810491984,1.3190610077548421,BACKTEST_INIT
825103,Arizona Diamondbacks,Atlanta Braves,0.25,0.75,0.5,1.7634170677171888,9.977812959938202,BACKTEST_INIT
825104,Arizona Diamondbacks,Atlanta Braves,0.6282051282051282,0.3717948717948718,0.2564102564102564,1.477779825058458,1.2888670618861273,BACKTEST_INIT
825105,Arizona Diamondbacks,Atlanta Braves,0.5238095238095238,0.47619047619047616,0.04761904761904767,1.52190990022254,2.2340314902498326,BACKTEST_INIT
825106,Arizona Diamondbacks,Detroit Tigers,0.62,0.38,0.24,7.398023246235319,4.919399754486862,BACKTEST_INIT
825107,Arizona Diamondbacks,Detroit Tigers,0.6486486486486487,0.3513513513513513,0.29729729729729737,9.510937023272659,4.9239134437629835,BACKTEST_INIT
825108,Arizona Diamondbacks,Detroit Tigers,0.62978,0.37022,0.25956,3.206983607429295,2.2861553547723226,BACKTEST_INIT
